band,channel,value,group,mean,sd,n
delta,Fp1-T3,rel,EAI,0.6029604683314774,0.05039008508514726,7
delta,Fp1-T3,rel,Narco,0.6734754238270424,0.08319303064752383,11
delta,Fp1-T3,rel,SYN,0.5764629517558509,0.12080894132905787,19
delta,Fp1-T3,rel,TCSPi,0.5818657209653271,0.060358082800068005,39
delta,Fp1-T3,abs,EAI,6.141736095559659e-10,4.498244963019773e-10,7
delta,Fp1-T3,abs,Narco,1.6377007197141048e-09,2.792582442393825e-09,11
delta,Fp1-T3,abs,SYN,1.2101183027946357e-08,3.027620366779656e-08,19
delta,Fp1-T3,abs,TCSPi,6.9120792455166874e-09,3.2328634570419674e-08,39
delta,Fp2-T4,rel,EAI,0.609009522511004,0.047562682633649385,7
delta,Fp2-T4,rel,Narco,0.6857919811830459,0.0748798222248171,11
delta,Fp2-T4,rel,SYN,0.5780852323649073,0.12575107274093777,19
delta,Fp2-T4,rel,TCSPi,0.5915313866451013,0.07601394704105649,39
delta,Fp2-T4,abs,EAI,1.1252890925574684e-09,1.6975578712863528e-09,7
delta,Fp2-T4,abs,Narco,2.033770558176711e-09,1.6666730467350639e-09,11
delta,Fp2-T4,abs,SYN,2.0915778478696936e-09,3.6116361603697187e-09,19
delta,Fp2-T4,abs,TCSPi,2.504452250480672e-09,5.442157459734204e-09,39
delta,Fp1-C3,rel,EAI,0.6034145710128256,0.053604923788170375,7
delta,Fp1-C3,rel,Narco,0.684739469062708,0.07749751125476488,11
delta,Fp1-C3,rel,SYN,0.6040268538296684,0.11913881963080288,19
delta,Fp1-C3,rel,TCSPi,0.5915465291269828,0.06435522976799511,39
delta,Fp1-C3,abs,EAI,1.0277432292922975e-09,1.1326411591183753e-09,7
delta,Fp1-C3,abs,Narco,1.361599246820696e-09,1.8350995077060583e-09,11
delta,Fp1-C3,abs,SYN,7.01203414551171e-09,2.176501730664607e-08,19
delta,Fp1-C3,abs,TCSPi,1.4220477978635087e-09,2.08285187307711e-09,39
delta,T3-O1,rel,EAI,0.5549008457621091,0.048100808282019424,7
delta,T3-O1,rel,Narco,0.6412605048041651,0.10955837953536857,11
delta,T3-O1,rel,SYN,0.5683489637518533,0.11481563674612603,19
delta,T3-O1,rel,TCSPi,0.5702644065792084,0.0637633965264684,39
delta,T3-O1,abs,EAI,5.20584932462288e-10,6.612310388993739e-10,7
delta,T3-O1,abs,Narco,6.526820125667149e-09,6.801581492982184e-09,11
delta,T3-O1,abs,SYN,6.219531143607817e-09,2.0825956453274435e-08,19
delta,T3-O1,abs,TCSPi,7.1503324229464365e-09,3.248548878178727e-08,39
delta,Fp2-C4,rel,EAI,0.5829222908530719,0.07834220139364012,7
delta,Fp2-C4,rel,Narco,0.693279749437349,0.07171444732190671,11
delta,Fp2-C4,rel,SYN,0.6098085951354066,0.12678550796412955,19
delta,Fp2-C4,rel,TCSPi,0.6006463722937297,0.06267397719978046,39
delta,Fp2-C4,abs,EAI,1.5834633632598008e-09,1.860600554069347e-09,7
delta,Fp2-C4,abs,Narco,3.2051415411539e-09,6.325072489169887e-09,11
delta,Fp2-C4,abs,SYN,1.7357523998343578e-09,2.7024593311555237e-09,19
delta,Fp2-C4,abs,TCSPi,1.966440170759047e-09,4.814292594792056e-09,39
delta,Fp2-A1,rel,EAI,0.580439552979705,0.06774500297374708,7
delta,Fp2-A1,rel,Narco,0.6546876355912038,0.11173435560226205,11
delta,Fp2-A1,rel,SYN,0.608805299354974,0.11101033781671016,19
delta,Fp2-A1,rel,TCSPi,0.6001608882709178,0.05981931047404782,39
delta,Fp2-A1,abs,EAI,3.3518296128898648e-09,3.5271996126731786e-09,7
delta,Fp2-A1,abs,Narco,3.852562183711315e-08,1.085185432784904e-07,11
delta,Fp2-A1,abs,SYN,8.471696430837069e-08,3.55235367939135e-07,19
delta,Fp2-A1,abs,TCSPi,3.054788313217715e-09,5.436238392662851e-09,39
delta,Fp1-A1,rel,EAI,0.5939798539329558,0.06830012740850934,7
delta,Fp1-A1,rel,Narco,0.6563781288159075,0.10790859198500011,11
delta,Fp1-A1,rel,SYN,0.6027840565186748,0.11312361681448603,19
delta,Fp1-A1,rel,TCSPi,0.5953790890138255,0.058509497675402845,39
delta,Fp1-A1,abs,EAI,2.8282004543773335e-09,3.408333065175876e-09,7
delta,Fp1-A1,abs,Narco,3.8641029301585936e-08,1.0826743598783727e-07,11
delta,Fp1-A1,abs,SYN,9.082116758200202e-08,3.5407418564614223e-07,19
delta,Fp1-A1,abs,TCSPi,2.342140280462743e-09,2.8899666926055946e-09,39
delta,T4-O2,rel,EAI,0.5357700422554323,0.07947221194013941,7
delta,T4-O2,rel,Narco,0.6233423608521104,0.12617412563247773,11
delta,T4-O2,rel,SYN,0.5572076015679827,0.10810343234584223,19
delta,T4-O2,rel,TCSPi,0.5729943808737094,0.07095956085469916,39
delta,T4-O2,abs,EAI,9.812025818512517e-10,1.00225682469554e-09,7
delta,T4-O2,abs,Narco,3.827580797040635e-08,9.032113287705155e-08,11
delta,T4-O2,abs,SYN,1.4381262195412326e-09,1.9305609920522335e-09,19
delta,T4-O2,abs,TCSPi,1.89458856479127e-09,3.1190728606936617e-09,39
delta,T3-A1,rel,EAI,0.5500401912217678,0.08535275632729633,7
delta,T3-A1,rel,Narco,0.6079011228391235,0.1174149903614912,11
delta,T3-A1,rel,SYN,0.5322822377093855,0.1342863028855699,19
delta,T3-A1,rel,TCSPi,0.5593095452335743,0.06943106252196914,39
delta,T3-A1,abs,EAI,2.1826547964546195e-09,3.6515600351630807e-09,7
delta,T3-A1,abs,Narco,3.773920374735569e-08,1.0830535697571778e-07,11
delta,T3-A1,abs,SYN,8.778223702787921e-08,3.5533790161615184e-07,19
delta,T3-A1,abs,TCSPi,6.2425518127673395e-09,3.2260653595594114e-08,39
delta,C3-A1,rel,EAI,0.5249581894158062,0.060113379095617946,7
delta,C3-A1,rel,Narco,0.6008585389918821,0.10080491319226136,11
delta,C3-A1,rel,SYN,0.51945247021342,0.12450062871228709,19
delta,C3-A1,rel,TCSPi,0.5188692668027551,0.06547419316062894,39
delta,C3-A1,abs,EAI,2.5390392127004506e-09,3.6206847122797388e-09,7
delta,C3-A1,abs,Narco,3.787465518172374e-08,1.0829686334050998e-07,11
delta,C3-A1,abs,SYN,8.306387250221177e-08,3.5531238603987307e-07,19
delta,C3-A1,abs,TCSPi,9.719013774158665e-10,1.4276082028327477e-09,39
delta,T4-A1,rel,EAI,0.4899905460536374,0.08426082613564907,7
delta,T4-A1,rel,Narco,0.5717803946400773,0.12862147083905756,11
delta,T4-A1,rel,SYN,0.5192922427441863,0.11954697633097472,19
delta,T4-A1,rel,TCSPi,0.521379861039956,0.0767269814141729,39
delta,T4-A1,abs,EAI,2.2293953728762687e-09,3.6447701733628264e-09,7
delta,T4-A1,abs,Narco,3.8784549249315074e-08,1.0819779699570179e-07,11
delta,T4-A1,abs,SYN,8.378372992224693e-08,3.5495040035371917e-07,19
delta,T4-A1,abs,TCSPi,1.580193026503927e-09,2.447077480528794e-09,39
delta,C4-A1,rel,EAI,0.5225622187165674,0.05132834867595234,7
delta,C4-A1,rel,Narco,0.594769961035312,0.11089045904908189,11
delta,C4-A1,rel,SYN,0.5305064403919639,0.10965213644579351,19
delta,C4-A1,rel,TCSPi,0.5216240856277887,0.06072433712964119,39
delta,C4-A1,abs,EAI,2.3144027638973265e-09,3.5570828551413936e-09,7
delta,C4-A1,abs,Narco,3.9971868443024006e-08,1.07678672376819e-07,11
delta,C4-A1,abs,SYN,8.30438892894627e-08,3.5519333553982476e-07,19
delta,C4-A1,abs,TCSPi,1.0484466903998492e-09,1.3052649367935998e-09,39
theta,T3-O1,rel,EAI,0.17939242639704656,0.05386646732299191,7
theta,T3-O1,rel,Narco,0.16453581814628457,0.049591199473429125,11
theta,T3-O1,rel,SYN,0.1611908650993106,0.05279492300945601,19
theta,T3-O1,rel,TCSPi,0.17917428074778455,0.04810471996409791,39
theta,T3-O1,abs,EAI,5.137267286263348e-11,4.5708511718060636e-11,7
theta,T3-O1,abs,Narco,6.13845231185111e-10,1.611861829259607e-09,11
theta,T3-O1,abs,SYN,5.974281427103758e-10,2.335709076006023e-09,19
theta,T3-O1,abs,TCSPi,1.1980799213639358e-09,6.919976494954665e-09,39
theta,Fp1-C3,rel,EAI,0.12442598596285905,0.04401797820657514,7
theta,Fp1-C3,rel,Narco,0.15830698648236732,0.0397215029753544,11
theta,Fp1-C3,rel,SYN,0.12314865927909917,0.04094346814172855,19
theta,Fp1-C3,rel,TCSPi,0.132765169570282,0.0292915650843561,39
theta,Fp1-C3,abs,EAI,3.4268390046838846e-11,2.741908736337155e-11,7
theta,Fp1-C3,abs,Narco,1.0627264671526394e-10,1.2758801244824464e-10,11
theta,Fp1-C3,abs,SYN,3.3658919125093183e-10,1.268452185075198e-09,19
theta,Fp1-C3,abs,TCSPi,7.399713710102768e-11,1.9243498252984418e-10,39
theta,Fp1-T3,rel,EAI,0.1364018337209843,0.04229400666844854,7
theta,Fp1-T3,rel,Narco,0.15655991521282758,0.04076675928264908,11
theta,Fp1-T3,rel,SYN,0.12985594324008776,0.04931859901595423,19
theta,Fp1-T3,rel,TCSPi,0.15010784104032235,0.03691521295541285,39
theta,Fp1-T3,abs,EAI,2.9086819237633156e-11,1.703997901367913e-11,7
theta,Fp1-T3,abs,Narco,1.200993038801481e-10,1.9068629168693038e-10,11
theta,Fp1-T3,abs,SYN,8.851955248175217e-10,2.6130844304213996e-09,19
theta,Fp1-T3,abs,TCSPi,1.196030882785311e-09,6.921033422327907e-09,39
theta,Fp2-T4,rel,EAI,0.15212525686289943,0.06111820446429131,7
theta,Fp2-T4,rel,Narco,0.15809351243643896,0.04502087208339508,11
theta,Fp2-T4,rel,SYN,0.13276615179266268,0.04293301796509027,19
theta,Fp2-T4,rel,TCSPi,0.14990930117089166,0.043391309761189045,39
theta,Fp2-T4,abs,EAI,3.7380301848633183e-11,3.4599399854032567e-11,7
theta,Fp2-T4,abs,Narco,1.027089740052076e-10,1.0225003203261174e-10,11
theta,Fp2-T4,abs,SYN,6.153208778326945e-11,7.832634421246559e-11,19
theta,Fp2-T4,abs,TCSPi,5.0601864992613344e-11,3.782890094252756e-11,39
theta,Fp2-C4,rel,EAI,0.12728620640041288,0.0477074622769269,7
theta,Fp2-C4,rel,Narco,0.15520673009288086,0.03499201854248904,11
theta,Fp2-C4,rel,SYN,0.12202523134138861,0.038133655894314104,19
theta,Fp2-C4,rel,TCSPi,0.1311842950905444,0.03253660920969579,39
theta,Fp2-C4,abs,EAI,3.211879073580576e-11,1.5579591895430118e-11,7
theta,Fp2-C4,abs,Narco,2.605274193108582e-10,5.3420000833207e-10,11
theta,Fp2-C4,abs,SYN,4.672842080871907e-11,3.78685868922654e-11,19
theta,Fp2-C4,abs,TCSPi,4.271258686777552e-11,4.157658262169078e-11,39
theta,Fp1-A1,rel,EAI,0.14895205218701166,0.04525540930758318,7
theta,Fp1-A1,rel,Narco,0.15961277655786493,0.04237863752319148,11
theta,Fp1-A1,rel,SYN,0.13231560702949544,0.04563158245377354,19
theta,Fp1-A1,rel,TCSPi,0.15581632706175583,0.03638374400654815,39
theta,Fp1-A1,abs,EAI,1.1014071395898685e-10,8.712902809759926e-11,7
theta,Fp1-A1,abs,Narco,4.2799101960535656e-09,1.3289018538202344e-08,11
theta,Fp1-A1,abs,SYN,5.251341635225214e-09,2.0972566145218014e-08,19
theta,Fp1-A1,abs,TCSPi,1.2856102091816602e-10,2.0256523471824652e-10,39
theta,T4-O2,rel,EAI,0.183729016386357,0.052707510190482684,7
theta,T4-O2,rel,Narco,0.16730158035284837,0.05225133381248395,11
theta,T4-O2,rel,SYN,0.16365026576846362,0.04505614382953206,19
theta,T4-O2,rel,TCSPi,0.18166149534919745,0.047526991383409836,39
theta,T4-O2,abs,EAI,5.3906947662958946e-11,2.954359983390878e-11,7
theta,T4-O2,abs,Narco,2.9205183327453727e-09,7.474834990260421e-09,11
theta,T4-O2,abs,SYN,6.144792585149237e-11,4.591043607020407e-11,19
theta,T4-O2,abs,TCSPi,7.2803617695464e-11,6.933760386853453e-11,39
theta,Fp2-A1,rel,EAI,0.15363678938760547,0.048722403666640254,7
theta,Fp2-A1,rel,Narco,0.16141629454442735,0.04715456872826042,11
theta,Fp2-A1,rel,SYN,0.13550300539657636,0.042782223717797475,19
theta,Fp2-A1,rel,TCSPi,0.1567777654871943,0.03860274896325182,39
theta,Fp2-A1,abs,EAI,1.248255617648736e-10,8.93362251301456e-11,7
theta,Fp2-A1,abs,Narco,4.293639175860359e-09,1.3279370348713727e-08,11
theta,Fp2-A1,abs,SYN,4.958096074066426e-09,2.1000033938755323e-08,19
theta,Fp2-A1,abs,TCSPi,1.120213188239353e-10,7.716617792071915e-11,39
theta,T4-A1,rel,EAI,0.17656661168260804,0.053472227107165905,7
theta,T4-A1,rel,Narco,0.18237382146199496,0.0558097073046069,11
theta,T4-A1,rel,SYN,0.14760480597627454,0.04605178926494826,19
theta,T4-A1,rel,TCSPi,0.17642889056103328,0.04824352835069403,39
theta,T4-A1,abs,EAI,1.1913271674452958e-10,9.557269992465726e-11,7
theta,T4-A1,abs,Narco,4.301784559273262e-09,1.3279007337923932e-08,11
theta,T4-A1,abs,SYN,4.953303408243405e-09,2.1015277624313057e-08,19
theta,T4-A1,abs,TCSPi,8.897030807075375e-11,7.25990314877218e-11,39
theta,T3-A1,rel,EAI,0.16001608300017542,0.050997136312323464,7
theta,T3-A1,rel,Narco,0.16099078827959473,0.047668294863721386,11
theta,T3-A1,rel,SYN,0.12422453910553112,0.05024450133592927,19
theta,T3-A1,rel,TCSPi,0.15736840938986588,0.04164329751902789,39
theta,T3-A1,abs,EAI,6.87354559087124e-11,9.094541940277942e-11,7
theta,T3-A1,abs,Narco,4.228496096482708e-09,1.3287373095731078e-08,11
theta,T3-A1,abs,SYN,5.4149322710244545e-09,2.1012247788283102e-08,19
theta,T3-A1,abs,TCSPi,1.1675158909047077e-09,6.9190308079130435e-09,39
theta,C3-A1,rel,EAI,0.1826756023924338,0.056885710373713184,7
theta,C3-A1,rel,Narco,0.19640068109187334,0.04309805529526363,11
theta,C3-A1,rel,SYN,0.15411429406552804,0.04657470259471979,19
theta,C3-A1,rel,TCSPi,0.18436288920372768,0.04084285476240033,39
theta,C3-A1,abs,EAI,1.0346555064215398e-10,9.457947243492891e-11,7
theta,C3-A1,abs,Narco,4.297973407691065e-09,1.3272118970391624e-08,11
theta,C3-A1,abs,SYN,4.921110433264353e-09,2.1014150433221195e-08,19
theta,C3-A1,abs,TCSPi,8.744168851609003e-11,8.136290185953733e-11,39
theta,C4-A1,rel,EAI,0.1827868520421649,0.055440782662595056,7
theta,C4-A1,rel,Narco,0.19571004802186567,0.04667413719309481,11
theta,C4-A1,rel,SYN,0.16029724069512438,0.04243857587376132,19
theta,C4-A1,rel,TCSPi,0.1858461023149006,0.04262328640101554,39
theta,C4-A1,abs,EAI,1.263331757484685e-10,9.207086088466926e-11,7
theta,C4-A1,abs,Narco,4.482443356911871e-09,1.3235098469660665e-08,11
theta,C4-A1,abs,SYN,4.950434065572553e-09,2.1022230123376998e-08,19
theta,C4-A1,abs,TCSPi,1.0365983302019582e-10,7.426333274692013e-11,39
alpha,Fp1-C3,rel,EAI,0.07622099503975042,0.03861376426303912,7
alpha,Fp1-C3,rel,Narco,0.06002535566284735,0.023892680870923513,11
alpha,Fp1-C3,rel,SYN,0.07956059325947482,0.03446570847107585,19
alpha,Fp1-C3,rel,TCSPi,0.09546063710641403,0.03621502737094382,39
alpha,Fp1-C3,abs,EAI,1.6481205731489275e-11,9.367988795334247e-12,7
alpha,Fp1-C3,abs,Narco,3.302291435276318e-11,3.3797099686812264e-11,11
alpha,Fp1-C3,abs,SYN,9.008689595137756e-11,2.770508356893269e-10,19
alpha,Fp1-C3,abs,TCSPi,4.410506103581572e-11,1.046810065826461e-10,39
alpha,Fp1-T3,rel,EAI,0.06842200829700634,0.02082543051210788,7
alpha,Fp1-T3,rel,Narco,0.059024783084833034,0.02071962161439111,11
alpha,Fp1-T3,rel,SYN,0.07353849042306351,0.03800969819352448,19
alpha,Fp1-T3,rel,TCSPi,0.09053562019615033,0.029522541834460653,39
alpha,Fp1-T3,abs,EAI,1.1734064662120508e-11,2.8812074410077088e-12,7
alpha,Fp1-T3,abs,Narco,4.580870217643728e-11,7.811764244971342e-11,11
alpha,Fp1-T3,abs,SYN,2.369654897989656e-10,6.823686848460241e-10,19
alpha,Fp1-T3,abs,TCSPi,7.945432111716819e-10,4.671526965689715e-09,39
alpha,T3-O1,rel,EAI,0.11309023367291664,0.04553005640031708,7
alpha,T3-O1,rel,Narco,0.10373874943447561,0.03416481873027547,11
alpha,T3-O1,rel,SYN,0.09608164420835882,0.04443361675105913,19
alpha,T3-O1,rel,TCSPi,0.11409514540239091,0.033660692300655444,39
alpha,T3-O1,abs,EAI,2.994672752543736e-11,3.146652744654406e-11,7
alpha,T3-O1,abs,Narco,2.5948662625717004e-10,6.059463521701732e-10,11
alpha,T3-O1,abs,SYN,1.801826514662641e-10,6.375013886660901e-10,19
alpha,T3-O1,abs,TCSPi,7.955464187176985e-10,4.661796050852894e-09,39
alpha,Fp2-T4,rel,EAI,0.07009843925493692,0.016711157955536945,7
alpha,Fp2-T4,rel,Narco,0.05898124356588877,0.020937063239414543,11
alpha,Fp2-T4,rel,SYN,0.07466543250859768,0.036959757382149086,19
alpha,Fp2-T4,rel,TCSPi,0.09000365747304813,0.03164694916016059,39
alpha,Fp2-T4,abs,EAI,1.3185657264408458e-11,4.614599946968847e-12,7
alpha,Fp2-T4,abs,Narco,3.3340270145379234e-11,3.2479626882952365e-11,11
alpha,Fp2-T4,abs,SYN,2.6934489186273995e-11,2.0121679214585615e-11,19
alpha,Fp2-T4,abs,TCSPi,2.4927625970004438e-11,1.8066849904476475e-11,39
alpha,Fp1-A1,rel,EAI,0.07432260935216957,0.0245597312423774,7
alpha,Fp1-A1,rel,Narco,0.06774765339102408,0.024243191601950598,11
alpha,Fp1-A1,rel,SYN,0.0684534272397387,0.02857379689045716,19
alpha,Fp1-A1,rel,TCSPi,0.08674855499167616,0.026977841270071024,39
alpha,Fp1-A1,abs,EAI,3.679165951721662e-11,1.8321786131538524e-11,7
alpha,Fp1-A1,abs,Narco,1.6261560843379756e-09,4.9781313878831355e-09,11
alpha,Fp1-A1,abs,SYN,1.5728169108860743e-09,6.313096808581181e-09,19
alpha,Fp1-A1,abs,TCSPi,6.525160005698972e-11,1.0874957162547914e-10,39
alpha,Fp2-C4,rel,EAI,0.07732534985303954,0.03655345402540782,7
alpha,Fp2-C4,rel,Narco,0.0618525865223142,0.02439248386805205,11
alpha,Fp2-C4,rel,SYN,0.07773268704326032,0.031244786753158504,19
alpha,Fp2-C4,rel,TCSPi,0.09342864889257123,0.035902283417441776,39
alpha,Fp2-C4,abs,EAI,1.685292244438219e-11,7.747121383353837e-12,7
alpha,Fp2-C4,abs,Narco,9.786723013581666e-11,1.9555807911576845e-10,11
alpha,Fp2-C4,abs,SYN,2.4941308971067626e-11,1.34893602409871e-11,19
alpha,Fp2-C4,abs,TCSPi,2.4752708811569224e-11,2.323276537349322e-11,39
alpha,T4-O2,rel,EAI,0.10418628846441622,0.050654965682696604,7
alpha,T4-O2,rel,Narco,0.10908844180766425,0.038014327874240965,11
alpha,T4-O2,rel,SYN,0.09705276670161422,0.04561271733832241,19
alpha,T4-O2,rel,TCSPi,0.11231156101359101,0.033812702693176364,39
alpha,T4-O2,abs,EAI,2.94508855176715e-11,2.689319070961115e-11,7
alpha,T4-O2,abs,Narco,9.85853523209166e-10,2.463232259848212e-09,11
alpha,T4-O2,abs,SYN,3.306744664166993e-11,1.981924270561877e-11,19
alpha,T4-O2,abs,TCSPi,4.1275052553187535e-11,4.032669201321784e-11,39
alpha,Fp2-A1,rel,EAI,0.07786451363988499,0.025311861186625338,7
alpha,Fp2-A1,rel,Narco,0.06912073964890574,0.02476047304645964,11
alpha,Fp2-A1,rel,SYN,0.07145592025350901,0.030532343043261845,19
alpha,Fp2-A1,rel,TCSPi,0.08720799058172594,0.02666530613655156,39
alpha,Fp2-A1,abs,EAI,4.4429019134738323e-11,2.1418322075186688e-11,7
alpha,Fp2-A1,abs,Narco,1.6333338696460697e-09,4.9775258213597425e-09,11
alpha,Fp2-A1,abs,SYN,1.5179174594325745e-09,6.318494528303728e-09,19
alpha,Fp2-A1,abs,TCSPi,5.382697105910681e-11,3.6377112335489265e-11,39
alpha,C3-A1,rel,EAI,0.09331007049085234,0.028314897628116474,7
alpha,C3-A1,rel,Narco,0.08209820925204951,0.024338124970024258,11
alpha,C3-A1,rel,SYN,0.09176506784996798,0.03575150141338094,19
alpha,C3-A1,rel,TCSPi,0.10962577435564139,0.03450004855514188,39
alpha,C3-A1,abs,EAI,3.4984409959377e-11,1.9797486004579545e-11,7
alpha,C3-A1,abs,Narco,1.6280784836159715e-09,4.964455721124944e-09,11
alpha,C3-A1,abs,SYN,1.5069582498260435e-09,6.323992609840827e-09,19
alpha,C3-A1,abs,TCSPi,4.7186160016851815e-11,3.770361850286887e-11,39
alpha,T3-A1,rel,EAI,0.08280784409312138,0.018333833536892063,7
alpha,T3-A1,rel,Narco,0.07719827728625,0.0261057701734988,11
alpha,T3-A1,rel,SYN,0.07719661203479172,0.040592734800352546,19
alpha,T3-A1,rel,TCSPi,0.09502147084873518,0.031580834229830324,39
alpha,T3-A1,abs,EAI,1.9864993591721224e-11,1.9743111101721383e-11,7
alpha,T3-A1,abs,Narco,1.6122028026328716e-09,4.961371876394719e-09,11
alpha,T3-A1,abs,SYN,1.6367548097273136e-09,6.320548070569649e-09,19
alpha,T3-A1,abs,TCSPi,7.770915257111149e-10,4.667161936316668e-09,39
alpha,T4-A1,rel,EAI,0.10029540907501122,0.01919685165357545,7
alpha,T4-A1,rel,Narco,0.09319878134164314,0.03131127243045026,11
alpha,T4-A1,rel,SYN,0.09509829001726361,0.051216190468563134,19
alpha,T4-A1,rel,TCSPi,0.11635622001619673,0.03773380313887882,39
alpha,T4-A1,abs,EAI,4.55721863827256e-11,2.337710216010428e-11,7
alpha,T4-A1,abs,Narco,1.6429921895076565e-09,4.9729716029752795e-09,11
alpha,T4-A1,abs,SYN,1.5155175883315285e-09,6.3208072343421664e-09,19
alpha,T4-A1,abs,TCSPi,4.7051272240981164e-11,3.146590654998246e-11,39
alpha,C4-A1,rel,EAI,0.1008237773574374,0.028587303014996537,7
alpha,C4-A1,rel,Narco,0.08865535404084962,0.027897771732503334,11
alpha,C4-A1,rel,SYN,0.09445808007031635,0.036340317690146666,19
alpha,C4-A1,rel,TCSPi,0.11357901374294507,0.0346885147158483,39
alpha,C4-A1,abs,EAI,5.1793402260598886e-11,2.7299550186233185e-11,7
alpha,C4-A1,abs,Narco,1.7055478706741e-09,4.948175309347798e-09,11
alpha,C4-A1,abs,SYN,1.5187226689921495e-09,6.3185244997057785e-09,19
alpha,C4-A1,abs,TCSPi,5.904385258363142e-11,4.1796222046153826e-11,39
beta,T3-O1,rel,EAI,0.11082676640725818,0.057063575443160514,7
beta,T3-O1,rel,Narco,0.0647857288244389,0.039582498425528856,11
beta,T3-O1,rel,SYN,0.09931689284055949,0.050387942437812215,19
beta,T3-O1,rel,TCSPi,0.09936937000990746,0.04163626434879577,39
beta,T3-O1,abs,EAI,3.3624583986115075e-11,3.403953860469761e-11,7
beta,T3-O1,abs,Narco,2.81176250002237e-10,7.648275497890738e-10,11
beta,T3-O1,abs,SYN,2.0579345052011867e-10,6.884142791783028e-10,19
beta,T3-O1,abs,TCSPi,9.122473661962779e-10,5.390994895922667e-09,39
beta,Fp1-T3,rel,EAI,0.11860468632880336,0.06254057118873665,7
beta,Fp1-T3,rel,Narco,0.07200444985858839,0.03447661229409888,11
beta,Fp1-T3,rel,SYN,0.11322444749618094,0.05007550352517183,19
beta,Fp1-T3,rel,TCSPi,0.125536295183232,0.04905020833444172,39
beta,Fp1-T3,abs,EAI,2.4220325715657636e-11,7.984161479100535e-12,7
beta,Fp1-T3,abs,Narco,7.38509575377617e-11,1.3150800413125457e-10,11
beta,Fp1-T3,abs,SYN,2.6718952119858447e-10,7.011443671458112e-10,19
beta,Fp1-T3,abs,TCSPi,9.43354344043025e-10,5.394558793536572e-09,39
beta,Fp1-C3,rel,EAI,0.12032699659994836,0.06742386596249748,7
beta,Fp1-C3,rel,Narco,0.0643717553682702,0.031877111872290066,11
beta,Fp1-C3,rel,SYN,0.11535148224803086,0.05492852245243154,19
beta,Fp1-C3,rel,TCSPi,0.13396076624729147,0.04729280304840026,39
beta,Fp1-C3,abs,EAI,2.4791821526865677e-11,7.332434732874407e-12,7
beta,Fp1-C3,abs,Narco,4.52026244998866e-11,5.708443277344161e-11,11
beta,Fp1-C3,abs,SYN,1.0273430857165286e-10,1.9136395940069362e-10,19
beta,Fp1-C3,abs,TCSPi,7.243581593227079e-11,2.1632568705811093e-10,39
beta,Fp2-T4,rel,EAI,0.11941474377722858,0.06516051471265279,7
beta,Fp2-T4,rel,Narco,0.06271282290211161,0.026259035965447257,11
beta,Fp2-T4,rel,SYN,0.11128122000444744,0.05247323196955434,19
beta,Fp2-T4,rel,TCSPi,0.12089037539281006,0.05253798232672143,39
beta,Fp2-T4,abs,EAI,4.073894098550117e-11,4.2957061372151946e-11,7
beta,Fp2-T4,abs,Narco,4.9129910237087653e-11,4.573712533927207e-11,11
beta,Fp2-T4,abs,SYN,5.6298201244507446e-11,5.462779253614308e-11,19
beta,Fp2-T4,abs,TCSPi,3.66587405040909e-11,2.4656880834460707e-11,39
beta,Fp2-C4,rel,EAI,0.1261034999709662,0.06635291466117879,7
beta,Fp2-C4,rel,Narco,0.06134611506269983,0.027273995347139077,11
beta,Fp2-C4,rel,SYN,0.11519226913929144,0.05893447811772829,19
beta,Fp2-C4,rel,TCSPi,0.1306187176765526,0.04745222441935549,39
beta,Fp2-C4,abs,EAI,2.909946361884232e-11,1.657326917020287e-11,7
beta,Fp2-C4,abs,Narco,1.1180885864852625e-10,2.08297524070955e-10,11
beta,Fp2-C4,abs,SYN,5.690856424335687e-11,5.706251648818053e-11,19
beta,Fp2-C4,abs,TCSPi,3.5803235808841917e-11,2.685812827747385e-11,39
beta,T4-O2,rel,EAI,0.10370673333066195,0.04660977510650985,7
beta,T4-O2,rel,Narco,0.07729397125467022,0.048260979298610784,11
beta,T4-O2,rel,SYN,0.10255175596159354,0.04512997902863694,19
beta,T4-O2,rel,TCSPi,0.09740789410054619,0.03654923452158082,39
beta,T4-O2,abs,EAI,3.922781648029262e-11,4.2530274224331315e-11,7
beta,T4-O2,abs,Narco,9.623242257621968e-10,2.2685330609147482e-09,11
beta,T4-O2,abs,SYN,4.327370826504081e-11,2.9543407659097626e-11,19
beta,T4-O2,abs,TCSPi,3.9606703384786613e-11,5.4637551828524955e-11,39
beta,Fp1-A1,rel,EAI,0.12186570916963935,0.04385684391894582,7
beta,Fp1-A1,rel,Narco,0.08923187714908988,0.05030876544906732,11
beta,Fp1-A1,rel,SYN,0.11397711205681994,0.05303025438528575,19
beta,Fp1-A1,rel,TCSPi,0.11647391129093479,0.038769402056787416,39
beta,Fp1-A1,abs,EAI,5.7998759937911133e-11,2.792980742467382e-11,7
beta,Fp1-A1,abs,Narco,1.6087872697718045e-09,4.5899171238108176e-09,11
beta,Fp1-A1,abs,SYN,1.6846703705709932e-09,6.586924626803704e-09,19
beta,Fp1-A1,abs,TCSPi,1.0792975298607147e-10,2.1675362662751492e-10,39
beta,Fp2-A1,rel,EAI,0.12428297507110456,0.037817447405888126,7
beta,Fp2-A1,rel,Narco,0.08964089374613075,0.04897158307992829,11
beta,Fp2-A1,rel,SYN,0.11025241487056865,0.05176256025491828,19
beta,Fp2-A1,rel,TCSPi,0.11404653961866713,0.03873266737589202,39
beta,Fp2-A1,abs,EAI,7.035258197778256e-11,3.3829703640665884e-11,7
beta,Fp2-A1,abs,Narco,1.6184326412792035e-09,4.5874696127844395e-09,11
beta,Fp2-A1,abs,SYN,1.649916150289199e-09,6.59293477024513e-09,19
beta,Fp2-A1,abs,TCSPi,7.784355105444111e-11,4.828009825083699e-11,39
beta,C3-A1,rel,EAI,0.1497998332306548,0.04461709956882397,7
beta,C3-A1,rel,Narco,0.09338213679693946,0.04694752812360609,11
beta,C3-A1,rel,SYN,0.1438682193046236,0.072961115733928,19
beta,C3-A1,rel,TCSPi,0.13552618161327618,0.03846836963181654,39
beta,C3-A1,abs,EAI,5.4702536470936036e-11,3.3304899987706e-11,7
beta,C3-A1,abs,Narco,1.6092542079903493e-09,4.5795047072598114e-09,11
beta,C3-A1,abs,SYN,1.6269836896102513e-09,6.5929151724942025e-09,19
beta,C3-A1,abs,TCSPi,6.606507056292075e-11,4.800178290112067e-11,39
beta,T3-A1,rel,EAI,0.13492720942309924,0.04520511183731534,7
beta,T3-A1,rel,Narco,0.10886506750451086,0.05861442675057891,11
beta,T3-A1,rel,SYN,0.1320629479250451,0.060685580576925385,19
beta,T3-A1,rel,TCSPi,0.11889646744920733,0.030250981699000434,39
beta,T3-A1,abs,EAI,2.8360138082556398e-11,1.9726429391026156e-11,7
beta,T3-A1,abs,Narco,1.6049894182185656e-09,4.5736233572073595e-09,11
beta,T3-A1,abs,SYN,1.7768141508694662e-09,6.590498573650283e-09,19
beta,T3-A1,abs,TCSPi,9.142122489115124e-10,5.410868909735488e-09,39
beta,T4-A1,rel,EAI,0.15922373851327346,0.05004995952860005,7
beta,T4-A1,rel,Narco,0.11848796610215079,0.06002422978970428,11
beta,T4-A1,rel,SYN,0.13488096889830672,0.058155892703369724,19
beta,T4-A1,rel,TCSPi,0.13368206628514562,0.04057508883472889,39
beta,T4-A1,abs,EAI,7.827346716512322e-11,3.4894347833542714e-11,7
beta,T4-A1,abs,Narco,1.627515686270444e-09,4.592047071589797e-09,11
beta,T4-A1,abs,SYN,1.6366796021740708e-09,6.604682172507551e-09,19
beta,T4-A1,abs,TCSPi,6.73466222512459e-11,4.970473903334577e-11,39
beta,C4-A1,rel,EAI,0.1540137826133992,0.035216445404767704,7
beta,C4-A1,rel,Narco,0.09552347478395583,0.05016085904625352,11
beta,C4-A1,rel,SYN,0.13462970249050063,0.05826865327101954,19
beta,C4-A1,rel,TCSPi,0.1339786142972086,0.038234963057711104,39
beta,C4-A1,abs,EAI,7.642957423177265e-11,3.853981321324986e-11,7
beta,C4-A1,abs,Narco,1.6839619354289927e-09,4.565511739198323e-09,11
beta,C4-A1,abs,SYN,1.6384777568156182e-09,6.6010525960714844e-09,19
beta,C4-A1,abs,TCSPi,7.852197615513973e-11,5.080690940709881e-11,39
gamma_bas,Fp1-T3,rel,EAI,0.04601395090823549,0.04753173418861671,7
gamma_bas,Fp1-T3,rel,Narco,0.02217854144020806,0.005994491280496589,11
gamma_bas,Fp1-T3,rel,SYN,0.0571581159798509,0.03693845999574451,19
gamma_bas,Fp1-T3,rel,TCSPi,0.03125715745233736,0.013776321070605899,39
gamma_bas,Fp1-T3,abs,EAI,2.126076031046263e-11,2.5178376756423896e-11,7
gamma_bas,Fp1-T3,abs,Narco,7.422105784162161e-11,1.6981595677468675e-10,11
gamma_bas,Fp1-T3,abs,SYN,3.2658544496145554e-10,1.087303679091702e-09,19
gamma_bas,Fp1-T3,abs,TCSPi,2.536170120815259e-10,1.408998222975295e-09,39
gamma_bas,Fp1-C3,rel,EAI,0.05015536932720283,0.06098597479568067,7
gamma_bas,Fp1-C3,rel,Narco,0.0197202206980418,0.006447228094136687,11
gamma_bas,Fp1-C3,rel,SYN,0.044287992099255595,0.02912989027735577,19
gamma_bas,Fp1-C3,rel,TCSPi,0.02984164894358712,0.0137291134418836,39
gamma_bas,Fp1-C3,abs,EAI,2.9180463799474197e-11,5.0180456650520554e-11,7
gamma_bas,Fp1-C3,abs,Narco,3.0472130350443934e-11,4.313803432114977e-11,11
gamma_bas,Fp1-C3,abs,SYN,2.7825537830032884e-10,1.0180006810523077e-09,19
gamma_bas,Fp1-C3,abs,TCSPi,2.282466551216016e-11,3.838484827622215e-11,39
gamma_bas,T3-O1,rel,EAI,0.026113735395847187,0.012555738007596285,7
gamma_bas,T3-O1,rel,Narco,0.01533738915612949,0.005785941166840179,11
gamma_bas,T3-O1,rel,SYN,0.04119996735762719,0.02719051562255119,19
gamma_bas,T3-O1,rel,TCSPi,0.022110211784384482,0.010799657962754875,39
gamma_bas,T3-O1,abs,EAI,1.3621356633120066e-11,1.5961266557515338e-11,7
gamma_bas,T3-O1,abs,Narco,1.1812968931585548e-10,2.514278239854136e-10,11
gamma_bas,T3-O1,abs,SYN,5.42132982355172e-11,1.1942852829481787e-10,19
gamma_bas,T3-O1,abs,TCSPi,2.4431326592171244e-10,1.4112804339253254e-09,39
gamma_bas,Fp2-T4,rel,EAI,0.030380623932060927,0.010944355877669114,7
gamma_bas,Fp2-T4,rel,Narco,0.020016535955814846,0.005546206693293214,11
gamma_bas,Fp2-T4,rel,SYN,0.05560266536876895,0.03509208554668678,19
gamma_bas,Fp2-T4,rel,TCSPi,0.0288904468309634,0.014203602338982739,39
gamma_bas,Fp2-T4,abs,EAI,3.3571951265183586e-11,5.7960542086832854e-11,7
gamma_bas,Fp2-T4,abs,Narco,3.742667555171266e-11,5.498824611234167e-11,11
gamma_bas,Fp2-T4,abs,SYN,6.262347456974046e-11,9.512395383760966e-11,19
gamma_bas,Fp2-T4,abs,TCSPi,1.9703175389305396e-11,2.404992115748569e-11,39
gamma_bas,Fp2-C4,rel,EAI,0.05860325206134411,0.07851302290668284,7
gamma_bas,Fp2-C4,rel,Narco,0.017409676476573026,0.004170801371109811,11
gamma_bas,Fp2-C4,rel,SYN,0.04392528614142175,0.033051605091026254,19
gamma_bas,Fp2-C4,rel,TCSPi,0.02857877288237839,0.013840797022531923,39
gamma_bas,Fp2-C4,abs,EAI,2.667306779135933e-11,3.403800016372391e-11,7
gamma_bas,Fp2-C4,abs,Narco,7.414204749945111e-11,1.4510963816171682e-10,11
gamma_bas,Fp2-C4,abs,SYN,4.2541973250785566e-11,5.823212353008231e-11,19
gamma_bas,Fp2-C4,abs,TCSPi,1.69780621350974e-11,2.0196915702012823e-11,39
gamma_bas,T4-O2,rel,EAI,0.04718522903417932,0.072083168387095,7
gamma_bas,T4-O2,rel,Narco,0.01430736020649901,0.004730241687347805,11
gamma_bas,T4-O2,rel,SYN,0.04314304787767087,0.02250161823682121,19
gamma_bas,T4-O2,rel,TCSPi,0.02170313543915628,0.011208260743385143,39
gamma_bas,T4-O2,abs,EAI,3.534324874268021e-11,5.456170285500359e-11,7
gamma_bas,T4-O2,abs,Narco,2.3997140104149327e-10,4.872738222503467e-10,11
gamma_bas,T4-O2,abs,SYN,3.9314743131757356e-11,5.922752109245475e-11,19
gamma_bas,T4-O2,abs,TCSPi,1.6000227124546163e-11,2.8704563398881506e-11,39
gamma_bas,Fp1-A1,rel,EAI,0.03757536988640902,0.036203479312007646,7
gamma_bas,Fp1-A1,rel,Narco,0.01681519494703953,0.005816642138939024,11
gamma_bas,Fp1-A1,rel,SYN,0.04772125026616604,0.03515662967651014,19
gamma_bas,Fp1-A1,rel,TCSPi,0.02852484833330525,0.015318569430692904,39
gamma_bas,Fp1-A1,abs,EAI,3.1065979121409584e-11,2.998190947091615e-11,7
gamma_bas,Fp1-A1,abs,Narco,5.360792321504861e-10,1.4745709881137884e-09,11
gamma_bas,Fp1-A1,abs,SYN,7.1745007370548e-10,1.9060308096933467e-09,19
gamma_bas,Fp1-A1,abs,TCSPi,4.146209657554859e-11,5.596567308874904e-11,39
gamma_bas,Fp2-A1,rel,EAI,0.04206756448013654,0.04893038824130771,7
gamma_bas,Fp2-A1,rel,Narco,0.015884644955564117,0.005493819738238508,11
gamma_bas,Fp2-A1,rel,SYN,0.043569057691004845,0.03130928708628152,19
gamma_bas,Fp2-A1,rel,TCSPi,0.026496283435151844,0.013773335766483338,39
gamma_bas,Fp2-A1,abs,EAI,4.065343554424312e-11,4.3360185968671514e-11,7
gamma_bas,Fp2-A1,abs,Narco,5.413530814250239e-10,1.4766346663474831e-09,11
gamma_bas,Fp2-A1,abs,SYN,4.252941504748875e-10,1.4376011172418383e-09,19
gamma_bas,Fp2-A1,abs,TCSPi,3.5680239007739854e-11,4.2090007524546864e-11,39
gamma_bas,T3-A1,rel,EAI,0.038949907224634504,0.034356548718355744,7
gamma_bas,T3-A1,rel,Narco,0.025395694282062845,0.01268842599004098,11
gamma_bas,T3-A1,rel,SYN,0.07367653446887679,0.05302154716348178,19
gamma_bas,T3-A1,rel,TCSPi,0.03856116781234981,0.02784303559232697,39
gamma_bas,T3-A1,abs,EAI,1.2080524370977792e-11,8.124287356424809e-12,7
gamma_bas,T3-A1,abs,Narco,5.69037328538926e-10,1.4665983507223845e-09,11
gamma_bas,T3-A1,abs,SYN,4.370340669146073e-10,1.4372020306332395e-09,19
gamma_bas,T3-A1,abs,TCSPi,2.5604500718539183e-10,1.411777619956717e-09,39
gamma_bas,C3-A1,rel,EAI,0.030782842710540343,0.017320915390030948,7
gamma_bas,C3-A1,rel,Narco,0.017109789133280318,0.006654008976812082,11
gamma_bas,C3-A1,rel,SYN,0.053803598222163955,0.040178243474732596,19
gamma_bas,C3-A1,rel,TCSPi,0.03257094000397136,0.01901573885908106,39
gamma_bas,C3-A1,abs,EAI,1.7979613843851586e-11,1.253483253768569e-11,7
gamma_bas,C3-A1,abs,Narco,5.388101971544378e-10,1.4726521457709867e-09,11
gamma_bas,C3-A1,abs,SYN,4.149652878870822e-10,1.4384153806870928e-09,19
gamma_bas,C3-A1,abs,TCSPi,3.2041109128066875e-11,4.163786427755857e-11,39
gamma_bas,T4-A1,rel,EAI,0.046772563652434186,0.049208440991450025,7
gamma_bas,T4-A1,rel,Narco,0.02118308166608596,0.007701192549861913,11
gamma_bas,T4-A1,rel,SYN,0.05854783521774682,0.03971038441542533,19
gamma_bas,T4-A1,rel,TCSPi,0.03136054326781087,0.01907412406167919,39
gamma_bas,T4-A1,abs,EAI,4.583302071010307e-11,5.289136103429361e-11,7
gamma_bas,T4-A1,abs,Narco,5.452383260989325e-10,1.4725348461401686e-09,11
gamma_bas,T4-A1,abs,SYN,4.6228367768697557e-10,1.447717859581971e-09,19
gamma_bas,T4-A1,abs,TCSPi,3.3819970753801635e-11,4.6189874499278776e-11,39
gamma_bas,C4-A1,rel,EAI,0.026020371254881988,0.01231170717770173,7
gamma_bas,C4-A1,rel,Narco,0.01641510422729653,0.006197734132485576,11
gamma_bas,C4-A1,rel,SYN,0.04817909886336563,0.03368043689560091,19
gamma_bas,C4-A1,rel,TCSPi,0.029062948255714056,0.015664552337681763,39
gamma_bas,C4-A1,abs,EAI,2.2318634807064433e-11,1.9214752511587783e-11,7
gamma_bas,C4-A1,abs,Narco,5.769952693416541e-10,1.4614924918093042e-09,11
gamma_bas,C4-A1,abs,SYN,4.1665646941559114e-10,1.4412094112247289e-09,19
gamma_bas,C4-A1,abs,TCSPi,3.453424381153691e-11,4.218797528076533e-11,39
gamma_haut,Fp1-T3,rel,EAI,0.02751945893758547,0.024449531844714323,7
gamma_haut,Fp1-T3,rel,Narco,0.016676644902462925,0.006323007971434479,11
gamma_haut,Fp1-T3,rel,SYN,0.049490707148887855,0.03504470120496416,19
gamma_haut,Fp1-T3,rel,TCSPi,0.020405809431189685,0.016707221210988638,39
gamma_haut,Fp1-T3,abs,EAI,1.745639808711978e-11,1.6873418905645567e-11,7
gamma_haut,Fp1-T3,abs,Narco,6.942799944246059e-11,1.490507012963582e-10,11
gamma_haut,Fp1-T3,abs,SYN,2.8164570355535e-10,9.951832511049436e-10,19
gamma_haut,Fp1-T3,abs,TCSPi,1.2837132553465452e-10,6.247608014442056e-10,39
gamma_haut,Fp1-C3,rel,EAI,0.025397104945927344,0.02872511514052629,7
gamma_haut,Fp1-C3,rel,Narco,0.012777683103135722,0.006001253761583687,11
gamma_haut,Fp1-C3,rel,SYN,0.03345957389268288,0.023988822979555416,19
gamma_haut,Fp1-C3,rel,TCSPi,0.016163092935731416,0.012368054756045617,39
gamma_haut,Fp1-C3,abs,EAI,1.9130904769066998e-11,2.6688849901375817e-11,7
gamma_haut,Fp1-C3,abs,Narco,2.3641137988474256e-11,3.206339268143881e-11,11
gamma_haut,Fp1-C3,abs,SYN,2.5092417238029955e-10,9.322945517085474e-10,19
gamma_haut,Fp1-C3,abs,TCSPi,2.2407749447079055e-11,4.477710607188814e-11,39
gamma_haut,T3-O1,rel,EAI,0.015614887408957128,0.009685568311822294,7
gamma_haut,T3-O1,rel,Narco,0.010291804436679527,0.00436655618467655,11
gamma_haut,T3-O1,rel,SYN,0.033678220574871714,0.02656916148750308,19
gamma_haut,T3-O1,rel,TCSPi,0.014720452055919101,0.013588447934395051,39
gamma_haut,T3-O1,abs,EAI,1.0292717595197125e-11,1.1229604228603066e-11,7
gamma_haut,T3-O1,abs,Narco,7.29103188342737e-11,1.1479036868678479e-10,11
gamma_haut,T3-O1,abs,SYN,3.1689682501837585e-11,4.2798481874644274e-11,19
gamma_haut,T3-O1,abs,TCSPi,1.1499284726300908e-10,6.251727600970735e-10,39
gamma_haut,Fp2-T4,rel,EAI,0.018880033010548115,0.012976922543549419,7
gamma_haut,Fp2-T4,rel,Narco,0.014334791907924275,0.005222538144056413,11
gamma_haut,Fp2-T4,rel,SYN,0.047356546854798565,0.03159036118278926,19
gamma_haut,Fp2-T4,rel,TCSPi,0.01848828120496632,0.01588534504740069,39
gamma_haut,Fp2-T4,abs,EAI,3.826217647241404e-11,7.705895131409295e-11,7
gamma_haut,Fp2-T4,abs,Narco,3.455196212939582e-11,4.83022947857422e-11,11
gamma_haut,Fp2-T4,abs,SYN,5.539601853934944e-11,8.381069139986053e-11,19
gamma_haut,Fp2-T4,abs,TCSPi,2.0194786721556166e-11,2.9086089822496083e-11,39
gamma_haut,Fp2-C4,rel,EAI,0.02769164336222228,0.034017045701900214,7
gamma_haut,Fp2-C4,rel,Narco,0.010856401476708109,0.0040467892319410986,11
gamma_haut,Fp2-C4,rel,SYN,0.031159710833359264,0.024110676407238255,19
gamma_haut,Fp2-C4,rel,TCSPi,0.015280965287045643,0.011792492385094772,39
gamma_haut,Fp2-C4,abs,EAI,1.8245738225472536e-11,1.804411021606618e-11,7
gamma_haut,Fp2-C4,abs,Narco,5.7501001451399916e-11,1.1938003425398822e-10,11
gamma_haut,Fp2-C4,abs,SYN,3.387609067412183e-11,4.506749484853951e-11,19
gamma_haut,Fp2-C4,abs,TCSPi,1.4540421465794558e-11,1.764435755006466e-11,39
gamma_haut,T4-O2,rel,EAI,0.02537047222279824,0.03752228714878095,7
gamma_haut,T4-O2,rel,Narco,0.008623976905795654,0.0030923400549130106,11
gamma_haut,T4-O2,rel,SYN,0.036200531803142755,0.0228643366766246,19
gamma_haut,T4-O2,rel,TCSPi,0.013664058589467513,0.013052725973005427,39
gamma_haut,T4-O2,abs,EAI,3.366920818921438e-11,6.304198319331072e-11,7
gamma_haut,T4-O2,abs,Narco,1.360428514487648e-10,2.231626839473673e-10,11
gamma_haut,T4-O2,abs,SYN,3.547704660765763e-11,5.497924328059963e-11,19
gamma_haut,T4-O2,abs,TCSPi,1.3591410837446381e-11,2.2225089103416307e-11,39
gamma_haut,Fp1-A1,rel,EAI,0.02322563030468806,0.02373018560393402,7
gamma_haut,Fp1-A1,rel,Narco,0.010168925689492438,0.004771070752338528,11
gamma_haut,Fp1-A1,rel,SYN,0.0345846328604457,0.028561271097441544,19
gamma_haut,Fp1-A1,rel,TCSPi,0.01679481931727437,0.015366903787218491,39
gamma_haut,Fp1-A1,abs,EAI,2.1114309458836787e-11,1.8695305320258404e-11,7
gamma_haut,Fp1-A1,abs,Narco,2.284603591147349e-10,5.957928597818698e-10,11
gamma_haut,Fp1-A1,abs,SYN,4.449660808968507e-10,1.2785859891365313e-09,19
gamma_haut,Fp1-A1,abs,TCSPi,3.5769038589312895e-11,6.052901777587673e-11,39
gamma_haut,Fp2-A1,rel,EAI,0.021638627505290383,0.02226363737923894,7
gamma_haut,Fp2-A1,rel,Narco,0.009208867473059027,0.004475100549181133,11
gamma_haut,Fp2-A1,rel,SYN,0.030273216900867234,0.024417654793196512,19
gamma_haut,Fp2-A1,rel,TCSPi,0.015056510886416618,0.013252663225577607,39
gamma_haut,Fp2-A1,abs,EAI,2.4432325151598193e-11,2.042487437255413e-11,7
gamma_haut,Fp2-A1,abs,Narco,2.3116605704048357e-10,5.956194970861008e-10,11
gamma_haut,Fp2-A1,abs,SYN,1.736886708572968e-10,4.4142362606437954e-10,19
gamma_haut,Fp2-A1,abs,TCSPi,2.9381789968083235e-11,4.4893061765113376e-11,39
gamma_haut,T3-A1,rel,EAI,0.033068817235822716,0.04302776757298429,7
gamma_haut,T3-A1,rel,Narco,0.019546875971329435,0.013423966166147189,11
gamma_haut,T3-A1,rel,SYN,0.06025189651042984,0.04520193718288033,19
gamma_haut,T3-A1,rel,TCSPi,0.030489556193412152,0.029562503045931738,39
gamma_haut,T3-A1,abs,EAI,9.823437053420498e-12,7.52745580307549e-12,7
gamma_haut,T3-A1,abs,Narco,2.625896527600491e-10,5.946094858712225e-10,11
gamma_haut,T3-A1,abs,SYN,1.7404158968788043e-10,4.4119045591512125e-10,19
gamma_haut,T3-A1,abs,TCSPi,1.2669381546786425e-10,6.27445188176611e-10,39
gamma_haut,C3-A1,rel,EAI,0.018378223782366802,0.019688519252838835,7
gamma_haut,C3-A1,rel,Narco,0.01010347984308178,0.005374311657064429,11
gamma_haut,C3-A1,rel,SYN,0.03682272625305212,0.032717402595595656,19
gamma_haut,C3-A1,rel,TCSPi,0.018770373803482558,0.01893552949133818,39
gamma_haut,C3-A1,abs,EAI,1.2802558035535928e-11,1.2184468261492697e-11,7
gamma_haut,C3-A1,abs,Narco,2.2891559498124507e-10,5.963783204341792e-10,11
gamma_haut,C3-A1,abs,SYN,1.671138229376755e-10,4.475901515899501e-10,19
gamma_haut,C3-A1,abs,TCSPi,2.7117006225772763e-11,4.521469930872736e-11,39
gamma_haut,T4-A1,rel,EAI,0.02705638753329297,0.026531179407345302,7
gamma_haut,T4-A1,rel,Narco,0.012912508968686464,0.006129577555004639,11
gamma_haut,T4-A1,rel,SYN,0.04435374559691195,0.03372046840738503,19
gamma_haut,T4-A1,rel,TCSPi,0.020504364167186036,0.019448119126585235,39
gamma_haut,T4-A1,abs,EAI,3.675692076059829e-11,5.370410882110948e-11,7
gamma_haut,T4-A1,abs,Narco,2.3593226192905934e-10,5.932555059467358e-10,11
gamma_haut,T4-A1,abs,SYN,2.1021734771525266e-10,4.878441195278192e-10,19
gamma_haut,T4-A1,abs,TCSPi,2.697684888778023e-11,4.632181158453899e-11,39
gamma_haut,C4-A1,rel,EAI,0.013722685732226372,0.0131075051899391,7
gamma_haut,C4-A1,rel,Narco,0.008886024881339102,0.0044422149251676,11
gamma_haut,C4-A1,rel,SYN,0.03177966666922505,0.02855371109112407,19
gamma_haut,C4-A1,rel,TCSPi,0.015651569069060484,0.01486774195768087,39
gamma_haut,C4-A1,abs,EAI,1.5124315202318663e-11,1.909864878227382e-11,7
gamma_haut,C4-A1,abs,Narco,2.574308426783842e-10,5.894585042065012e-10,11
gamma_haut,C4-A1,abs,SYN,1.653062869053606e-10,4.4652132952176853e-10,19
gamma_haut,C4-A1,abs,TCSPi,2.6370820346356646e-11,4.061728412485165e-11,39
