channel,metric,group,mean,sd,n
Menton,rswa_fraction,EAI,44.07838360622658,24.56439711779875,7
Menton,rswa_fraction,Narco,36.39183597601686,20.967066397042352,11
Menton,rswa_fraction,SYN,54.22921478163496,18.390116348153214,19
Menton,rswa_fraction,TCSPi,51.76702254077692,21.19535815891043,39
Menton,phasic_ratio,EAI,0.08374513122447556,0.06872575147997269,7
Menton,phasic_ratio,Narco,0.10113701102732713,0.06913241471754494,11
Menton,phasic_ratio,SYN,0.18194308224007158,0.16744648878173932,19
Menton,phasic_ratio,TCSPi,0.09590506086387723,0.09144055174182354,39
Menton,tonic_ratio,EAI,1.1566036364387255,0.3325259415905135,7
Menton,tonic_ratio,Narco,1.20065897499628,0.682267917282283,11
Menton,tonic_ratio,SYN,2.0599924091021444,1.4317602070936903,19
Menton,tonic_ratio,TCSPi,1.3706539307554435,0.6700122304184223,39
Menton,tonic_eog_fraction,EAI,30.757036179925798,28.224859224218385,7
Menton,tonic_eog_fraction,Narco,23.089593320580374,23.224705675512833,11
Menton,tonic_eog_fraction,SYN,30.26060681361931,26.61198427091003,19
Menton,tonic_eog_fraction,TCSPi,36.61032814068923,24.69730705764175,39
Menton,tonic_events_per_min,EAI,6.611757540933987,3.684659567669813,7
Menton,tonic_events_per_min,Narco,5.45877539640253,3.145059959556353,11
Menton,tonic_events_per_min,SYN,8.134382217245241,2.7585174522229825,19
Menton,tonic_events_per_min,TCSPi,7.7650533811165365,3.179303723836565,39
JAMBD,rswa_fraction,EAI,46.39726185202652,19.072540606089355,7
JAMBD,rswa_fraction,Narco,39.79913354051487,19.816003620759925,11
JAMBD,rswa_fraction,SYN,46.1351314382076,22.0168148393862,19
JAMBD,rswa_fraction,TCSPi,47.48148000267511,24.09621945829529,39
Menton,phasic_events_per_min,EAI,0.34483301936932303,0.22087378752275735,7
Menton,phasic_events_per_min,Narco,0.5000881599897254,0.2568283191695221,11
Menton,phasic_events_per_min,SYN,0.7080293496016907,0.33287439503785426,19
Menton,phasic_events_per_min,TCSPi,0.5217606747113682,0.4352555653055705,39
JAMBD,phasic_ratio,EAI,0.056971798388220675,0.04760117145360022,7
JAMBD,phasic_ratio,Narco,0.08460448044116706,0.043807249511940156,11
JAMBD,phasic_ratio,SYN,0.06339638261217828,0.06440807804931692,19
JAMBD,phasic_ratio,TCSPi,0.0822376505329792,0.13531631092055593,39
JAMBD,tonic_ratio,EAI,1.573938367584589,0.34588823227879273,7
JAMBD,tonic_ratio,Narco,2.848272384776712,2.1030674725871594,11
JAMBD,tonic_ratio,SYN,2.0103739413687176,1.2206150617846503,19
JAMBD,tonic_ratio,TCSPi,1.8285258537888207,1.2905350285479968,39
JAMBD,tonic_eog_fraction,EAI,31.414293697494895,28.250882110427007,7
JAMBD,tonic_eog_fraction,Narco,23.10517552002225,23.743895000502445,11
JAMBD,tonic_eog_fraction,SYN,28.62387617145674,25.168216225955884,19
JAMBD,tonic_eog_fraction,TCSPi,36.921328897246205,25.159713857588997,39
JAMBD,tonic_events_per_min,EAI,6.959589277803978,2.860881090913403,7
JAMBD,tonic_events_per_min,Narco,5.969870031077232,2.972400543113989,11
JAMBD,tonic_events_per_min,SYN,6.92026971573114,3.3025222259079303,19
JAMBD,tonic_events_per_min,TCSPi,7.122222000401268,3.6144329187442943,39
JAMBD,phasic_events_per_min,EAI,0.4286111959225713,0.3848785034371259,7
JAMBD,phasic_events_per_min,Narco,0.557492177484643,0.23052121276143417,11
JAMBD,phasic_events_per_min,SYN,0.4477112619045038,0.33881461375229704,19
JAMBD,phasic_events_per_min,TCSPi,0.442863884802136,0.3394603532240538,39
JAMBG,rswa_fraction,Narco,38.80758499488359,24.090630059828786,11
JAMBG,rswa_fraction,SYN,46.150057003513204,22.67627971423544,18
JAMBG,rswa_fraction,TCSPi,47.78057838795839,24.014055710724417,31
JAMBG,phasic_ratio,Narco,0.0924019052127393,0.04781824691170748,11
JAMBG,phasic_ratio,SYN,0.07604778327841191,0.07622627854320023,18
JAMBG,phasic_ratio,TCSPi,0.04661179149744483,0.052311333204832826,31
JAMBG,tonic_ratio,Narco,2.8278816181965776,3.395592246330051,11
JAMBG,tonic_ratio,SYN,2.119641516918109,1.5664056566204971,18
JAMBG,tonic_ratio,TCSPi,1.390798688649261,0.47550835865598484,31
JAMBG,tonic_eog_fraction,Narco,23.493227950471752,24.36170714372006,11
JAMBG,tonic_eog_fraction,SYN,26.863915787308613,24.626005429223767,18
JAMBG,tonic_eog_fraction,TCSPi,39.15143874544624,24.49127063559695,31
JAMBG,tonic_events_per_min,Narco,5.821137749232538,3.6135945089743178,11
JAMBG,tonic_events_per_min,SYN,6.92250855052698,3.4014419571353165,18
JAMBG,tonic_events_per_min,TCSPi,7.167086758193759,3.602108356608662,31
EMG1,phasic_ratio,Narco,0.1078591402427276,0.06977597200456213,11
EMG1,phasic_ratio,SYN,0.10107055889118256,0.13432985238413359,18
EMG1,phasic_ratio,TCSPi,0.0911351256461085,0.09081054959549978,31
EMG1,rswa_fraction,Narco,48.38204907620702,18.344868749007865,11
EMG1,rswa_fraction,SYN,44.448314677835754,24.612099920322812,18
EMG1,rswa_fraction,TCSPi,54.910557970797974,21.745364809880567,31
JAMBG,phasic_events_per_min,Narco,0.5835505933530277,0.24789733655007348,11
JAMBG,phasic_events_per_min,SYN,0.549906040010876,0.42884724432323723,18
JAMBG,phasic_events_per_min,TCSPi,0.3898363680884963,0.3647800332529074,31
EMG1,tonic_eog_fraction,Narco,23.464255610739517,24.01605169957704,11
EMG1,tonic_eog_fraction,SYN,26.986249673153605,24.770845077801617,18
EMG1,tonic_eog_fraction,TCSPi,39.88551339441576,24.59732692323625,31
EMG1,tonic_ratio,Narco,2.0508579590863905,0.6146806566965319,11
EMG1,tonic_ratio,SYN,1.8460222635286156,0.9697275660464307,18
EMG1,tonic_ratio,TCSPi,1.7273796287184082,1.011103099618313,31
EMG1,tonic_events_per_min,Narco,7.257307361431054,2.75173031235118,11
EMG1,tonic_events_per_min,SYN,6.667247201675362,3.6918149880484217,18
EMG1,tonic_events_per_min,TCSPi,8.236583695619696,3.261804721482085,31
EMG1,phasic_events_per_min,Narco,0.6243511885991263,0.35124948122002336,11
EMG1,phasic_events_per_min,SYN,0.5311254677573412,0.41378656860208896,18
EMG1,phasic_events_per_min,TCSPi,0.6422753466763911,0.5024788741962007,31
EMG2,phasic_ratio,Narco,0.11627719918683775,0.07849055945226993,11
EMG2,phasic_ratio,SYN,0.11216861944315577,0.0952512746999216,18
EMG2,phasic_ratio,TCSPi,0.09745599655039955,0.0866694472677821,31
EMG2,rswa_fraction,Narco,45.726576802196455,17.67129859824985,11
EMG2,rswa_fraction,SYN,46.29120089483267,21.87897164176364,18
EMG2,rswa_fraction,TCSPi,53.802332913760935,20.161235724526627,31
EMG2,tonic_eog_fraction,Narco,23.559451735606668,23.842628701409815,11
EMG2,tonic_eog_fraction,SYN,27.418535076395088,25.270314350021575,18
EMG2,tonic_eog_fraction,TCSPi,39.751432717840274,24.486590586259727,31
EMG2,tonic_ratio,Narco,2.121700321190115,0.7410475585757877,11
EMG2,tonic_ratio,SYN,1.9777330737486478,0.8399360366352436,18
EMG2,tonic_ratio,TCSPi,1.856654325423427,1.087358589667018,31
EMG2,tonic_events_per_min,Narco,6.858986520329466,2.6506947897374773,11
EMG2,tonic_events_per_min,SYN,6.9436801342249,3.2818457462645463,18
EMG2,tonic_events_per_min,TCSPi,8.07034993706414,3.0241853586789946,31
EMG2,phasic_events_per_min,Narco,0.6967220238972021,0.34068813209824816,11
EMG2,phasic_events_per_min,SYN,0.7159091650834813,0.45864569186776194,18
EMG2,phasic_events_per_min,TCSPi,0.6578600372796504,0.4270177887726006,31
