band,channel,value,group1,group2,n1,n2,U,p_raw,r_rb,p_holm,stars
delta,Fp1-T3,rel,EAI,Narco,7,11,19.0,0.08534439416792358,0.5064935064935066,0.3413775766716943,
delta,Fp1-T3,rel,EAI,SYN,7,19,74.0,0.6924992398905441,-0.11278195488721798,1.0,
delta,Fp1-T3,rel,EAI,TCSPi,7,39,170.0,0.32027659016364046,-0.24542124542124544,0.9608297704909214,
delta,Fp1-T3,rel,Narco,SYN,11,19,154.0,0.03496297229770904,-0.4736842105263157,0.1748148614885452,
delta,Fp1-T3,rel,Narco,TCSPi,11,39,348.0,0.0018407699287000129,-0.6223776223776223,0.011044619572200078,*
delta,Fp1-T3,rel,SYN,TCSPi,19,39,355.0,0.8037385487698324,0.04183535762483126,1.0,
delta,Fp1-T3,abs,EAI,Narco,7,9,28.0,0.7576923076923078,0.11111111111111116,1.0,
delta,Fp1-T3,abs,EAI,SYN,7,17,44.0,0.34926496082102493,0.26050420168067223,1.0,
delta,Fp1-T3,abs,EAI,TCSPi,7,36,110.0,0.6174844714116888,0.12698412698412698,1.0,
delta,Fp1-T3,abs,Narco,SYN,9,17,58.0,0.33197546708273695,0.24183006535947715,1.0,
delta,Fp1-T3,abs,Narco,TCSPi,9,36,154.0,0.831471939952311,0.04938271604938271,1.0,
delta,Fp1-T3,abs,SYN,TCSPi,17,36,352.0,0.38593070911944727,-0.15032679738562083,1.0,
delta,Fp1-C3,rel,EAI,Narco,7,11,15.0,0.03456510809451986,0.6103896103896104,0.1728255404725993,
delta,Fp1-C3,rel,EAI,SYN,7,19,66.0,0.9999999999999998,0.007518796992481258,1.0,
delta,Fp1-C3,rel,EAI,TCSPi,7,39,157.0,0.5487825429315971,-0.1501831501831501,1.0,
delta,Fp1-C3,rel,Narco,SYN,11,19,150.0,0.052789228899782506,-0.43540669856459324,0.21115691559913002,
delta,Fp1-C3,rel,Narco,TCSPi,11,39,353.0,0.0012297629227992284,-0.6456876456876457,0.007378577536795371,**
delta,Fp1-C3,rel,SYN,TCSPi,19,39,389.0,0.7655398423056133,-0.04993252361673406,1.0,
delta,Fp1-C3,abs,EAI,Narco,6,10,25.0,0.6353646353646354,0.16666666666666663,1.0,
delta,Fp1-C3,abs,EAI,SYN,6,17,40.0,0.4727233102519144,0.21568627450980393,1.0,
delta,Fp1-C3,abs,EAI,TCSPi,6,33,105.0,0.8347492186501476,-0.06060606060606055,1.0,
delta,Fp1-C3,abs,Narco,SYN,10,17,81.0,0.8605031146501084,0.04705882352941182,1.0,
delta,Fp1-C3,abs,Narco,TCSPi,10,33,204.0,0.2683816272927607,-0.23636363636363633,1.0,
delta,Fp1-C3,abs,SYN,TCSPi,17,33,345.0,0.1899583441818571,-0.22994652406417115,1.0,
delta,T3-O1,rel,EAI,Narco,7,11,20.0,0.10419808949220714,0.48051948051948057,0.4167923579688286,
delta,T3-O1,rel,EAI,SYN,7,18,67.0,0.8361680882047013,-0.06349206349206349,1.0,
delta,T3-O1,rel,EAI,TCSPi,7,39,121.0,0.6533101365575655,0.1135531135531136,1.0,
delta,T3-O1,rel,Narco,SYN,11,18,143.0,0.050561875401775085,-0.4444444444444444,0.2528093770088754,
delta,T3-O1,rel,Narco,TCSPi,11,39,308.0,0.02940530420685481,-0.4358974358974359,0.17643182524112888,
delta,T3-O1,rel,SYN,TCSPi,18,39,310.0,0.4868764786529677,0.11680911680911676,1.0,
delta,T3-O1,abs,EAI,Narco,6,11,5.0,0.003070458952811894,0.8484848484848485,0.01535229476405947,*
delta,T3-O1,abs,EAI,SYN,6,17,24.0,0.06234954976373741,0.5294117647058824,0.18704864929121223,
delta,T3-O1,abs,EAI,TCSPi,6,32,73.0,0.3771873678994422,0.23958333333333337,0.3771873678994422,
delta,T3-O1,abs,Narco,SYN,11,17,148.0,0.011079526695110073,-0.5828877005347595,0.04431810678044029,*
delta,T3-O1,abs,Narco,TCSPi,11,32,301.0,0.0005293030488614618,-0.7102272727272727,0.003175818293168771,**
delta,T3-O1,abs,SYN,TCSPi,17,32,351.0,0.09918250827066509,-0.2904411764705883,0.19836501654133018,
delta,Fp2-T4,rel,EAI,Narco,7,11,15.0,0.03456510809451986,0.6103896103896104,0.13826043237807945,
delta,Fp2-T4,rel,EAI,SYN,7,19,78.0,0.5335603526907874,-0.1729323308270676,1.0,
delta,Fp2-T4,rel,EAI,TCSPi,7,39,158.0,0.528867468240819,-0.15750915750915762,1.0,
delta,Fp2-T4,rel,Narco,SYN,11,19,161.0,0.015950672304071024,-0.5406698564593302,0.07975336152035511,
delta,Fp2-T4,rel,Narco,TCSPi,11,39,351.0,0.001447306767518861,-0.6363636363636365,0.008683840605113166,**
delta,Fp2-T4,rel,SYN,TCSPi,19,39,346.0,0.6909113052246969,0.06612685560053977,1.0,
delta,Fp2-T4,abs,EAI,Narco,6,11,10.0,0.020200387847446672,0.696969696969697,0.12120232708468004,
delta,Fp2-T4,abs,EAI,SYN,6,16,37.0,0.4494123008054896,0.22916666666666663,0.8452818140046641,
delta,Fp2-T4,abs,EAI,TCSPi,6,35,70.0,0.20895127377797473,0.33333333333333337,0.6268538213339242,
delta,Fp2-T4,abs,Narco,SYN,11,16,134.0,0.024751436094503518,-0.5227272727272727,0.12375718047251759,
delta,Fp2-T4,abs,Narco,TCSPi,11,35,267.0,0.056695681784369324,-0.38701298701298703,0.2267827271374773,
delta,Fp2-T4,abs,SYN,TCSPi,16,35,240.0,0.42264090700233203,0.1428571428571429,0.8452818140046641,
delta,Fp2-C4,rel,EAI,Narco,7,11,11.0,0.01137506284565108,0.7142857142857143,0.056875314228255404,
delta,Fp2-C4,rel,EAI,SYN,7,19,57.0,0.6108452417148068,0.1428571428571429,1.0,
delta,Fp2-C4,rel,EAI,TCSPi,7,39,124.0,0.7194890282389358,0.09157509157509158,1.0,
delta,Fp2-C4,rel,Narco,SYN,11,19,150.0,0.052789228899782506,-0.43540669856459324,0.21115691559913002,
delta,Fp2-C4,rel,Narco,TCSPi,11,39,354.0,0.001132706393152006,-0.6503496503496504,0.006796238358912036,**
delta,Fp2-C4,rel,SYN,TCSPi,19,39,409.0,0.5289806197564357,-0.10391363022941968,1.0,
delta,Fp2-C4,abs,EAI,Narco,7,9,35.0,0.7576923076923078,-0.11111111111111116,1.0,
delta,Fp2-C4,abs,EAI,SYN,7,16,71.0,0.3411201801294681,-0.2678571428571428,1.0,
delta,Fp2-C4,abs,EAI,TCSPi,7,35,143.0,0.5079670615614132,-0.1673469387755102,1.0,
delta,Fp2-C4,abs,Narco,SYN,9,16,92.0,0.269606104568209,-0.2777777777777777,1.0,
delta,Fp2-C4,abs,Narco,TCSPi,9,35,186.0,0.4152554336796187,-0.18095238095238098,1.0,
delta,Fp2-C4,abs,SYN,TCSPi,16,35,256.0,0.6333273782886601,0.08571428571428574,1.0,
delta,T4-O2,rel,EAI,Narco,7,11,23.0,0.17911010558069382,0.4025974025974026,0.6124917771845343,
delta,T4-O2,rel,EAI,SYN,7,17,65.0,0.756524050574394,-0.09243697478991586,0.756524050574394,
delta,T4-O2,rel,EAI,TCSPi,7,39,99.0,0.26420795042585965,0.27472527472527475,0.6124917771845343,
delta,T4-O2,rel,Narco,SYN,11,17,143.0,0.02116777101598483,-0.5294117647058822,0.127006626095909,
delta,T4-O2,rel,Narco,TCSPi,11,39,276.0,0.15312294429613357,-0.28671328671328666,0.6124917771845343,
delta,T4-O2,rel,SYN,TCSPi,17,39,207.0,0.027131360917355532,0.3755656108597285,0.13565680458677765,
delta,T4-O2,abs,EAI,Narco,6,10,13.0,0.07267732267732269,0.5666666666666667,0.29070929070929075,
delta,T4-O2,abs,EAI,SYN,6,15,49.0,0.7909848149786229,-0.0888888888888888,0.8782435100853838,
delta,T4-O2,abs,EAI,TCSPi,6,34,124.0,0.425173119909962,-0.21568627450980382,0.8782435100853838,
delta,T4-O2,abs,Narco,SYN,10,15,124.0,0.007138867747109106,-0.6533333333333333,0.035694338735545526,*
delta,T4-O2,abs,Narco,TCSPi,10,34,287.0,0.0011037473271126262,-0.6882352941176471,0.006622483962675757,**
delta,T4-O2,abs,SYN,TCSPi,15,34,304.0,0.29274783669512794,-0.19215686274509802,0.8782435100853838,
delta,Fp2-A1,rel,EAI,Narco,7,11,23.0,0.17911010558069382,0.4025974025974026,1.0,
delta,Fp2-A1,rel,EAI,SYN,7,19,58.0,0.6511766494375189,0.1278195488721805,1.0,
delta,Fp2-A1,rel,EAI,TCSPi,7,37,110.0,0.5501016060095977,0.1505791505791506,1.0,
delta,Fp2-A1,rel,Narco,SYN,11,19,125.0,0.38938710625617945,-0.19617224880382778,1.0,
delta,Fp2-A1,rel,Narco,TCSPi,11,37,249.0,0.26966060402516134,-0.2235872235872236,1.0,
delta,Fp2-A1,rel,SYN,TCSPi,19,37,361.0,0.8762329143858715,-0.027027027027026973,1.0,
delta,Fp2-A1,abs,EAI,Narco,6,9,16.0,0.22377622377622375,0.40740740740740744,0.895104895104895,
delta,Fp2-A1,abs,EAI,SYN,6,17,57.0,0.7077179113792387,-0.11764705882352944,0.9895285835114358,
delta,Fp2-A1,abs,EAI,TCSPi,6,35,134.0,0.30145040863911216,-0.2761904761904761,0.9043512259173365,
delta,Fp2-A1,abs,Narco,SYN,9,17,109.0,0.08458195169190756,-0.4248366013071896,0.4229097584595378,
delta,Fp2-A1,abs,Narco,TCSPi,9,35,244.0,0.01234130897665623,-0.5492063492063493,0.07404785385993738,
delta,Fp2-A1,abs,SYN,TCSPi,17,35,333.0,0.4947642917557179,-0.119327731092437,0.9895285835114358,
delta,Fp1-A1,rel,EAI,Narco,7,11,25.0,0.24629210658622425,0.35064935064935066,0.985168426344897,
delta,Fp1-A1,rel,EAI,SYN,7,18,69.0,0.7450884127314332,-0.09523809523809534,1.0,
delta,Fp1-A1,rel,EAI,TCSPi,7,37,114.0,0.6374073056537157,0.11969111969111967,1.0,
delta,Fp1-A1,rel,Narco,SYN,11,18,133.0,0.1321408585583338,-0.3434343434343434,0.7335229447972664,
delta,Fp1-A1,rel,Narco,TCSPi,11,37,267.0,0.12225382413287775,-0.3120393120393121,0.7335229447972664,
delta,Fp1-A1,rel,SYN,TCSPi,18,37,314.0,0.7400086424921344,0.0570570570570571,1.0,
delta,Fp1-A1,abs,EAI,Narco,6,9,13.0,0.1134865134865135,0.5185185185185186,0.47380498203275806,
delta,Fp1-A1,abs,EAI,SYN,6,17,56.0,0.759170653907496,-0.0980392156862746,0.759170653907496,
delta,Fp1-A1,abs,EAI,TCSPi,6,36,141.0,0.2497780122940585,-0.3055555555555556,0.6152685268424574,
delta,Fp1-A1,abs,Narco,SYN,9,17,108.0,0.09476099640655161,-0.41176470588235303,0.47380498203275806,
delta,Fp1-A1,abs,Narco,TCSPi,9,36,260.0,0.005664703687297552,-0.6049382716049383,0.033988222123785314,*
delta,Fp1-A1,abs,SYN,TCSPi,17,36,373.0,0.2050895089474858,-0.21895424836601318,0.6152685268424574,
delta,T3-A1,rel,EAI,Narco,7,11,31.0,0.5360105580693816,0.19480519480519476,1.0,
delta,T3-A1,rel,EAI,SYN,7,18,75.0,0.49539837736634074,-0.19047619047619047,1.0,
delta,T3-A1,rel,EAI,TCSPi,7,39,124.0,0.7194890282389358,0.09157509157509158,1.0,
delta,T3-A1,rel,Narco,SYN,11,18,136.0,0.10089023838439064,-0.3737373737373737,0.6053414303063438,
delta,T3-A1,rel,Narco,TCSPi,11,39,246.0,0.467836759875388,-0.14685314685314688,1.0,
delta,T3-A1,rel,SYN,TCSPi,18,39,259.0,0.1162221607105022,0.2621082621082621,0.6053414303063438,
delta,T3-A1,abs,EAI,Narco,6,9,10.0,0.04955044955044956,0.6296296296296297,0.19820179820179823,
delta,T3-A1,abs,EAI,SYN,6,15,69.0,0.06630546955624356,-0.5333333333333334,0.19891640866873067,
delta,T3-A1,abs,EAI,TCSPi,6,36,143.0,0.2211222493635844,-0.3240740740740742,0.4422444987271688,
delta,T3-A1,abs,Narco,SYN,9,15,121.0,0.0015760167771708665,-0.7925925925925925,0.0094561006630252,**
delta,T3-A1,abs,Narco,TCSPi,9,36,269.0,0.00251143164855131,-0.6604938271604939,0.01255715824275655,*
delta,T3-A1,abs,SYN,TCSPi,15,36,286.0,0.7486476436603181,-0.059259259259259345,0.7486476436603181,
delta,C3-A1,rel,EAI,Narco,7,11,21.0,0.12594268476621417,0.4545454545454546,0.5037707390648567,
delta,C3-A1,rel,EAI,SYN,7,18,78.0,0.38897857291449967,-0.23809523809523814,0.7779571458289993,
delta,C3-A1,rel,EAI,TCSPi,7,38,131.0,0.9633685341569632,0.015037593984962405,0.9633685341569632,
delta,C3-A1,rel,Narco,SYN,11,18,153.0,0.016188130658630548,-0.5454545454545454,0.09712878395178329,
delta,C3-A1,rel,Narco,TCSPi,11,38,299.0,0.031987128916903536,-0.430622009569378,0.15993564458451767,
delta,C3-A1,rel,SYN,TCSPi,18,38,269.0,0.2033980539504654,0.21345029239766078,0.6101941618513962,
delta,C3-A1,abs,EAI,Narco,6,9,18.0,0.3276723276723276,0.33333333333333337,0.6553446553446552,
delta,C3-A1,abs,EAI,SYN,6,15,70.0,0.054806132979507594,-0.5555555555555556,0.16441839893852278,
delta,C3-A1,abs,EAI,TCSPi,6,35,164.0,0.0282293254051919,-0.5619047619047619,0.1129173016207676,
delta,C3-A1,abs,Narco,SYN,9,15,115.0,0.005070215938153766,-0.7037037037037037,0.02535107969076883,*
delta,C3-A1,abs,Narco,TCSPi,9,35,263.0,0.0022502265680857964,-0.6698412698412699,0.013501359408514779,*
delta,C3-A1,abs,SYN,TCSPi,15,35,301.0,0.4211259876091521,-0.14666666666666672,0.6553446553446552,
delta,T4-A1,rel,EAI,Narco,6,11,27.0,0.5908209437621202,0.18181818181818177,1.0,
delta,T4-A1,rel,EAI,SYN,6,18,64.0,0.5365835537460252,-0.18518518518518512,1.0,
delta,T4-A1,rel,EAI,TCSPi,6,39,114.0,0.9351803424406943,0.02564102564102566,1.0,
delta,T4-A1,rel,Narco,SYN,11,18,130.0,0.17041453269533946,-0.31313131313131315,1.0,
delta,T4-A1,rel,Narco,TCSPi,11,39,242.0,0.5271742450869904,-0.1282051282051282,1.0,
delta,T4-A1,rel,SYN,TCSPi,18,39,294.0,0.3320634324382258,0.16239316239316237,1.0,
delta,T4-A1,abs,EAI,Narco,6,9,10.0,0.04955044955044956,0.6296296296296297,0.19820179820179823,
delta,T4-A1,abs,EAI,SYN,6,15,60.0,0.2672121480171016,-0.33333333333333326,0.8016364440513047,
delta,T4-A1,abs,EAI,TCSPi,6,36,132.0,0.4079167545149573,-0.22222222222222232,0.8158335090299146,
delta,T4-A1,abs,Narco,SYN,9,15,123.0,0.0010396675335446232,-0.8222222222222222,0.006238005201267739,**
delta,T4-A1,abs,Narco,TCSPi,9,36,265.0,0.0036321385503870485,-0.6358024691358024,0.018160692751935242,*
delta,T4-A1,abs,SYN,TCSPi,15,36,270.0,1.0,0.0,1.0,
delta,C4-A1,rel,EAI,Narco,7,11,21.0,0.12594268476621417,0.4545454545454546,0.5037707390648567,
delta,C4-A1,rel,EAI,SYN,7,18,71.0,0.6572789681714166,-0.12698412698412698,1.0,
delta,C4-A1,rel,EAI,TCSPi,7,38,137.0,0.9146543316140595,-0.03007518796992481,1.0,
delta,C4-A1,rel,Narco,SYN,11,18,142.0,0.056103227255365144,-0.43434343434343425,0.33661936353219085,
delta,C4-A1,rel,Narco,TCSPi,11,38,285.0,0.07043426692604161,-0.36363636363636354,0.35217133463020805,
delta,C4-A1,rel,SYN,TCSPi,18,38,312.0,0.604776560090668,0.08771929824561409,1.0,
delta,C4-A1,abs,EAI,Narco,6,10,9.0,0.02247752247752248,0.7,0.08991008991008992,
delta,C4-A1,abs,EAI,SYN,6,15,66.0,0.11222910216718267,-0.46666666666666656,0.336687306501548,
delta,C4-A1,abs,EAI,TCSPi,6,36,152.0,0.11989280538702873,-0.40740740740740744,0.336687306501548,
delta,C4-A1,abs,Narco,SYN,10,15,136.0,0.0007909681707475441,-0.8133333333333332,0.0039548408537377205,**
delta,C4-A1,abs,Narco,TCSPi,10,36,318.0,0.0002504615428450475,-0.7666666666666666,0.001502769257070285,**
delta,C4-A1,abs,SYN,TCSPi,15,36,276.0,0.9094767963213571,-0.022222222222222143,0.9094767963213571,
theta,Fp1-T3,rel,EAI,Narco,6,11,16.0,0.0982546864899806,0.5151515151515151,0.5895281189398837,
theta,Fp1-T3,rel,EAI,SYN,6,19,51.0,0.7332580463015246,0.10526315789473684,1.0,
theta,Fp1-T3,rel,EAI,TCSPi,6,39,74.0,0.15971693271749993,0.36752136752136755,0.5895281189398837,
theta,Fp1-T3,rel,Narco,SYN,11,19,140.0,0.13199622881221693,-0.3397129186602872,0.5895281189398837,
theta,Fp1-T3,rel,Narco,TCSPi,11,39,231.0,0.7078751351521717,-0.07692307692307687,1.0,
theta,Fp1-T3,rel,SYN,TCSPi,19,39,272.0,0.10445917255300086,0.26585695006747634,0.5895281189398837,
theta,Fp1-T3,abs,EAI,Narco,6,9,6.0,0.011988011988011988,0.7777777777777778,0.07192807192807193,
theta,Fp1-T3,abs,EAI,SYN,6,17,17.0,0.015790464303050117,0.6666666666666667,0.07895232151525058,
theta,Fp1-T3,abs,EAI,TCSPi,6,36,53.0,0.04828447062079924,0.5092592592592593,0.19313788248319697,
theta,Fp1-T3,abs,Narco,SYN,9,17,71.0,0.7875572317029235,0.07189542483660127,1.0,
theta,Fp1-T3,abs,Narco,TCSPi,9,36,183.0,0.5607741862412716,-0.12962962962962954,1.0,
theta,Fp1-T3,abs,SYN,TCSPi,17,36,354.0,0.3653957675288303,-0.15686274509803932,1.0,
theta,Fp1-C3,rel,EAI,Narco,6,11,7.0,0.007110536522301229,0.7878787878787878,0.04266321913380737,*
theta,Fp1-C3,rel,EAI,SYN,6,19,45.0,0.4746019198193111,0.21052631578947367,0.6404003187765084,
theta,Fp1-C3,rel,EAI,TCSPi,6,39,71.0,0.1312358656658146,0.3931623931623932,0.39370759699744384,
theta,Fp1-C3,rel,Narco,SYN,11,19,155.0,0.03141126164691394,-0.4832535885167464,0.1570563082345697,
theta,Fp1-C3,rel,Narco,TCSPi,11,39,302.0,0.04160065512778662,-0.407925407925408,0.1664026205111465,
theta,Fp1-C3,rel,SYN,TCSPi,19,39,310.0,0.3202001593882542,0.1632928475033738,0.6404003187765084,
theta,Fp1-C3,abs,EAI,Narco,6,10,10.0,0.031218781218781223,0.6666666666666667,0.18731268731268735,
theta,Fp1-C3,abs,EAI,SYN,6,18,22.0,0.033002466640910576,0.5925925925925926,0.18731268731268735,
theta,Fp1-C3,abs,EAI,TCSPi,6,35,81.0,0.3956077633869675,0.22857142857142854,0.791215526773935,
theta,Fp1-C3,abs,Narco,SYN,10,18,92.0,0.9426659752794467,-0.022222222222222143,0.9426659752794467,
theta,Fp1-C3,abs,Narco,TCSPi,10,35,242.0,0.06944513100337919,-0.3828571428571428,0.26830215309566086,
theta,Fp1-C3,abs,SYN,TCSPi,18,35,413.0,0.06707553827391521,-0.3111111111111111,0.26830215309566086,
theta,T3-O1,rel,EAI,Narco,7,11,44.0,0.6589994972347913,-0.1428571428571428,1.0,
theta,T3-O1,rel,EAI,SYN,7,19,83.0,0.3635056248099726,-0.24812030075187974,1.0,
theta,T3-O1,rel,EAI,TCSPi,7,38,139.0,0.8662445388480557,-0.04511278195488733,1.0,
theta,T3-O1,rel,Narco,SYN,11,19,113.0,0.7306268857145148,-0.08133971291866038,1.0,
theta,T3-O1,rel,Narco,TCSPi,11,38,177.0,0.4503730174053514,0.15311004784688997,1.0,
theta,T3-O1,rel,SYN,TCSPi,19,38,286.0,0.20725736562989627,0.20775623268698062,1.0,
theta,T3-O1,abs,EAI,Narco,7,10,20.0,0.16125051419169067,0.4285714285714286,0.6450020567667627,
theta,T3-O1,abs,EAI,SYN,7,18,45.0,0.2971291866028708,0.2857142857142857,0.8913875598086124,
theta,T3-O1,abs,EAI,TCSPi,7,33,101.0,0.625563250795449,0.1255411255411255,1.0,
theta,T3-O1,abs,Narco,SYN,10,18,97.0,0.7553056597956419,-0.07777777777777772,1.0,
theta,T3-O1,abs,Narco,TCSPi,10,33,231.0,0.059701369903290474,-0.3999999999999999,0.35820821941974285,
theta,T3-O1,abs,SYN,TCSPi,18,33,377.0,0.11711986924457217,-0.26936026936026947,0.5855993462228608,
theta,Fp2-T4,rel,EAI,Narco,7,11,36.0,0.8601055806938159,0.06493506493506496,1.0,
theta,Fp2-T4,rel,EAI,SYN,7,18,77.0,0.42287497399625545,-0.22222222222222232,1.0,
theta,Fp2-T4,rel,EAI,TCSPi,7,39,135.0,0.9761468167581759,0.01098901098901095,1.0,
theta,Fp2-T4,rel,Narco,SYN,11,18,147.0,0.03276376857857748,-0.48484848484848486,0.19658261147146489,
theta,Fp2-T4,rel,Narco,TCSPi,11,39,246.0,0.467836759875388,-0.14685314685314688,1.0,
theta,Fp2-T4,rel,SYN,TCSPi,18,39,258.0,0.11228691391542045,0.2649572649572649,0.5614345695771022,
theta,Fp2-T4,abs,EAI,Narco,6,11,6.0,0.004848093083387201,0.8181818181818181,0.029088558500323207,*
theta,Fp2-T4,abs,EAI,SYN,6,18,26.0,0.06576718476031977,0.5185185185185186,0.3288359238015989,
theta,Fp2-T4,abs,EAI,TCSPi,6,36,60.0,0.08806840385787752,0.4444444444444444,0.3522736154315101,
theta,Fp2-T4,abs,Narco,SYN,11,18,123.0,0.2908556336911423,-0.24242424242424243,0.5817112673822846,
theta,Fp2-T4,abs,Narco,TCSPi,11,36,265.0,0.0947462978012844,-0.33838383838383845,0.3522736154315101,
theta,Fp2-T4,abs,SYN,TCSPi,18,36,345.0,0.7067960031547897,-0.06481481481481488,0.7067960031547897,
theta,Fp2-C4,rel,EAI,Narco,7,10,16.0,0.0702385849444673,0.5428571428571429,0.2809543397778692,
theta,Fp2-C4,rel,EAI,SYN,7,18,68.0,0.7903016434366548,-0.0793650793650793,1.0,
theta,Fp2-C4,rel,EAI,TCSPi,7,39,131.0,0.8811401020986954,0.04029304029304026,1.0,
theta,Fp2-C4,rel,Narco,SYN,10,18,166.0,0.00029466231051001256,-0.8444444444444446,0.0017679738630600754,**
theta,Fp2-C4,rel,Narco,TCSPi,10,39,301.0,0.00886718098366831,-0.5435897435897437,0.04433590491834155,*
theta,Fp2-C4,rel,SYN,TCSPi,18,39,264.0,0.13754588568297146,0.24786324786324787,0.4126376570489144,
theta,Fp2-C4,abs,EAI,Narco,5,9,14.0,0.2977022977022977,0.37777777777777777,1.0,
theta,Fp2-C4,abs,EAI,SYN,5,18,41.0,0.8006181461559035,0.0888888888888889,1.0,
theta,Fp2-C4,abs,EAI,TCSPi,5,35,95.0,0.7813765182186235,-0.08571428571428563,1.0,
theta,Fp2-C4,abs,Narco,SYN,9,18,99.0,0.3680655063054846,-0.22222222222222232,1.0,
theta,Fp2-C4,abs,Narco,TCSPi,9,35,217.0,0.08604361569521997,-0.37777777777777777,0.5162616941713198,
theta,Fp2-C4,abs,SYN,TCSPi,18,35,369.0,0.31499581143128474,-0.17142857142857149,1.0,
theta,T4-O2,rel,EAI,Narco,7,11,46.0,0.5360105580693816,-0.19480519480519476,1.0,
theta,T4-O2,rel,EAI,SYN,7,19,78.0,0.5335603526907874,-0.1729323308270676,1.0,
theta,T4-O2,rel,EAI,TCSPi,7,39,137.0,1.0,-0.00366300366300365,1.0,
theta,T4-O2,rel,Narco,SYN,11,19,108.0,0.8972710782822758,-0.03349282296650724,1.0,
theta,T4-O2,rel,Narco,TCSPi,11,39,174.0,0.34887254512632315,0.18881118881118886,1.0,
theta,T4-O2,rel,SYN,TCSPi,19,39,297.0,0.22650021654968489,0.19838056680161942,1.0,
theta,T4-O2,abs,EAI,Narco,7,9,13.0,0.0548951048951049,0.5873015873015873,0.2195804195804196,
theta,T4-O2,abs,EAI,SYN,7,18,60.0,0.8826045350530475,0.04761904761904767,1.0,
theta,T4-O2,abs,EAI,TCSPi,7,36,124.0,0.9615235968939286,0.015873015873015928,1.0,
theta,T4-O2,abs,Narco,SYN,9,18,134.0,0.0069275179772265065,-0.654320987654321,0.04156510786335904,*
theta,T4-O2,abs,Narco,TCSPi,9,36,247.0,0.01649810595308903,-0.5246913580246915,0.08249052976544516,
theta,T4-O2,abs,SYN,TCSPi,18,36,320.0,0.948792754378421,0.012345679012345734,1.0,
theta,Fp1-A1,rel,EAI,Narco,7,11,32.0,0.5961538461538461,0.16883116883116878,1.0,
theta,Fp1-A1,rel,EAI,SYN,7,18,82.0,0.2698855835240275,-0.3015873015873016,1.0,
theta,Fp1-A1,rel,EAI,TCSPi,7,39,123.0,0.6971764053516994,0.09890109890109888,1.0,
theta,Fp1-A1,rel,Narco,SYN,11,18,142.0,0.056103227255365144,-0.43434343434343425,0.2805161362768257,
theta,Fp1-A1,rel,Narco,TCSPi,11,39,222.0,0.869781349844311,-0.034965034965035,1.0,
theta,Fp1-A1,rel,SYN,TCSPi,18,39,202.0,0.010791473440782242,0.4245014245014245,0.06474884064469345,
theta,Fp1-A1,abs,EAI,Narco,6,9,17.0,0.2721278721278721,0.37037037037037035,1.0,
theta,Fp1-A1,abs,EAI,SYN,6,17,36.0,0.31925663962277234,0.2941176470588235,1.0,
theta,Fp1-A1,abs,EAI,TCSPi,6,35,109.0,0.8999027663982737,-0.03809523809523818,1.0,
theta,Fp1-A1,abs,Narco,SYN,9,17,86.0,0.6276258050283593,-0.12418300653594772,1.0,
theta,Fp1-A1,abs,Narco,TCSPi,9,35,219.0,0.07592450107576011,-0.3904761904761904,0.4555470064545607,
theta,Fp1-A1,abs,SYN,TCSPi,17,35,382.0,0.10129616704298187,-0.28403361344537825,0.5064808352149094,
theta,Fp2-A1,rel,EAI,Narco,7,11,36.0,0.8601055806938159,0.06493506493506496,1.0,
theta,Fp2-A1,rel,EAI,SYN,7,18,82.0,0.2698855835240275,-0.3015873015873016,1.0,
theta,Fp2-A1,rel,EAI,TCSPi,7,39,129.0,0.8341616614989572,0.05494505494505497,1.0,
theta,Fp2-A1,rel,Narco,SYN,11,18,138.0,0.0835505652672125,-0.39393939393939403,0.4177528263360625,
theta,Fp2-A1,rel,Narco,TCSPi,11,39,228.0,0.7607828036166537,-0.06293706293706292,1.0,
theta,Fp2-A1,rel,SYN,TCSPi,18,39,213.0,0.018248509543120617,0.3931623931623932,0.10949105725872371,
theta,Fp2-A1,abs,EAI,Narco,7,9,22.0,0.35104895104895106,0.3015873015873016,1.0,
theta,Fp2-A1,abs,EAI,SYN,7,17,53.0,0.709751982063195,0.10924369747899154,1.0,
theta,Fp2-A1,abs,EAI,TCSPi,7,36,148.0,0.4877277929193026,-0.17460317460317465,1.0,
theta,Fp2-A1,abs,Narco,SYN,9,17,91.0,0.45051586608854133,-0.1895424836601307,1.0,
theta,Fp2-A1,abs,Narco,TCSPi,9,36,228.0,0.06308715393505297,-0.40740740740740744,0.34775063888599755,
theta,Fp2-A1,abs,SYN,TCSPi,17,36,406.0,0.05795843981433293,-0.326797385620915,0.34775063888599755,
theta,T3-A1,rel,EAI,Narco,7,11,37.0,0.9298014077425841,0.038961038961038974,1.0,
theta,T3-A1,rel,EAI,SYN,7,19,93.0,0.1353146853146853,-0.3984962406015038,0.5412587412587412,
theta,T3-A1,rel,EAI,TCSPi,7,39,138.0,0.9761468167581759,-0.01098901098901095,1.0,
theta,T3-A1,rel,Narco,SYN,11,19,153.0,0.03885204248343495,-0.46411483253588526,0.19426021241717473,
theta,T3-A1,rel,Narco,TCSPi,11,39,229.0,0.7430081058078915,-0.06759906759906764,1.0,
theta,T3-A1,rel,SYN,TCSPi,19,39,222.0,0.0142071878066674,0.4008097165991903,0.0852431268400044,
theta,T3-A1,abs,EAI,Narco,6,9,20.0,0.45594405594405585,0.2592592592592593,1.0,
theta,T3-A1,abs,EAI,SYN,6,17,38.0,0.39169068917352673,0.2549019607843137,1.0,
theta,T3-A1,abs,EAI,TCSPi,6,33,121.0,0.4123498179225733,-0.22222222222222232,1.0,
theta,T3-A1,abs,Narco,SYN,9,17,81.0,0.8293095167592586,-0.05882352941176472,1.0,
theta,T3-A1,abs,Narco,TCSPi,9,33,210.0,0.061503911039038406,-0.41414141414141414,0.30751955519519203,
theta,T3-A1,abs,SYN,TCSPi,17,33,385.0,0.03318058693042415,-0.37254901960784315,0.19908352158254491,
theta,C3-A1,rel,EAI,Narco,7,11,34.0,0.7242332830568124,0.11688311688311692,1.0,
theta,C3-A1,rel,EAI,SYN,7,19,90.0,0.18824566737610213,-0.35338345864661647,0.7529826695044085,
theta,C3-A1,rel,EAI,TCSPi,7,39,138.0,0.9761468167581759,-0.01098901098901095,1.0,
theta,C3-A1,rel,Narco,SYN,11,19,161.0,0.015950672304071024,-0.5406698564593302,0.07975336152035511,
theta,C3-A1,rel,Narco,TCSPi,11,39,264.0,0.2511529057634492,-0.23076923076923084,0.7534587172903475,
theta,C3-A1,rel,SYN,TCSPi,19,39,210.0,0.008030350426391714,0.4331983805668016,0.04818210255835029,*
theta,C3-A1,abs,EAI,Narco,6,9,17.0,0.2721278721278721,0.37037037037037035,1.0,
theta,C3-A1,abs,EAI,SYN,6,16,44.0,0.8018709876295016,0.08333333333333337,1.0,
theta,C3-A1,abs,EAI,TCSPi,6,36,113.0,0.8747638580757965,-0.04629629629629628,1.0,
theta,C3-A1,abs,Narco,SYN,9,16,94.0,0.22352896258794108,-0.3055555555555556,1.0,
theta,C3-A1,abs,Narco,TCSPi,9,36,223.0,0.08603387761460482,-0.3765432098765431,0.516203265687629,
theta,C3-A1,abs,SYN,TCSPi,16,36,335.0,0.3565690184389144,-0.16319444444444442,1.0,
theta,T4-A1,rel,EAI,Narco,7,11,34.0,0.7242332830568124,0.11688311688311692,1.0,
theta,T4-A1,rel,EAI,SYN,7,19,89.0,0.2087412587412587,-0.33834586466165417,0.8349650349650348,
theta,T4-A1,rel,EAI,TCSPi,7,38,140.0,0.8422077575792836,-0.05263157894736836,1.0,
theta,T4-A1,rel,Narco,SYN,11,19,146.0,0.07764863697373688,-0.3971291866028708,0.38824318486868437,
theta,T4-A1,rel,Narco,TCSPi,11,38,240.0,0.4648820173328211,-0.14832535885167464,1.0,
theta,T4-A1,rel,SYN,TCSPi,19,38,246.0,0.052590703962899686,0.31855955678670356,0.3155442237773981,
theta,T4-A1,abs,EAI,Narco,7,9,24.0,0.46975524475524477,0.23809523809523814,1.0,
theta,T4-A1,abs,EAI,SYN,7,17,58.0,0.9505928853754944,0.025210084033613467,1.0,
theta,T4-A1,abs,EAI,TCSPi,7,37,163.0,0.29668688626953543,-0.2586872586872586,1.0,
theta,T4-A1,abs,Narco,SYN,9,17,90.0,0.48351617808515135,-0.17647058823529416,1.0,
theta,T4-A1,abs,Narco,TCSPi,9,37,233.0,0.06762075318096528,-0.3993993993993994,0.40572451908579166,
theta,T4-A1,abs,SYN,TCSPi,17,37,393.0,0.14630463108940797,-0.24960254372019075,0.7315231554470398,
theta,C4-A1,rel,EAI,Narco,7,11,32.0,0.5961538461538461,0.16883116883116878,1.0,
theta,C4-A1,rel,EAI,SYN,7,19,82.0,0.39463970811796895,-0.23308270676691722,1.0,
theta,C4-A1,rel,EAI,TCSPi,7,39,132.0,0.9047905003822536,0.03296703296703296,1.0,
theta,C4-A1,rel,Narco,SYN,11,19,150.0,0.052789228899782506,-0.43540669856459324,0.2639461444989125,
theta,C4-A1,rel,Narco,TCSPi,11,39,256.0,0.3369556304720355,-0.19347319347319347,1.0,
theta,C4-A1,rel,SYN,TCSPi,19,39,231.0,0.021285892549901035,0.3765182186234818,0.1277153552994062,
theta,C4-A1,abs,EAI,Narco,7,10,21.0,0.19323323735088443,0.4,0.6694046369090145,
theta,C4-A1,abs,EAI,SYN,7,17,60.0,1.0,-0.008403361344537785,1.0,
theta,C4-A1,abs,EAI,TCSPi,7,36,160.0,0.27710496555467745,-0.26984126984126977,0.6694046369090145,
theta,C4-A1,abs,Narco,SYN,10,17,113.0,0.16735115922725363,-0.3294117647058823,0.6694046369090145,
theta,C4-A1,abs,Narco,TCSPi,10,36,265.0,0.024427695085345365,-0.4722222222222223,0.14656617051207219,
theta,C4-A1,abs,SYN,TCSPi,17,36,388.0,0.12041955935238177,-0.26797385620915026,0.6020977967619089,
alpha,T3-O1,rel,EAI,Narco,7,11,43.0,0.7242332830568124,-0.11688311688311681,1.0,
alpha,T3-O1,rel,EAI,SYN,7,19,80.0,0.4613165095773791,-0.20300751879699241,1.0,
alpha,T3-O1,rel,EAI,TCSPi,7,39,115.0,0.528867468240819,0.1575091575091575,1.0,
alpha,T3-O1,rel,Narco,SYN,11,19,122.0,0.46440055260803204,-0.16746411483253598,1.0,
alpha,T3-O1,rel,Narco,TCSPi,11,39,174.0,0.34887254512632315,0.18881118881118886,1.0,
alpha,T3-O1,rel,SYN,TCSPi,19,39,262.0,0.07356909595200588,0.29284750337381915,0.44141457571203524,
alpha,T3-O1,abs,EAI,Narco,6,9,6.0,0.011988011988011988,0.7777777777777778,0.07105708936372551,
alpha,T3-O1,abs,EAI,SYN,6,18,17.0,0.011842848227287586,0.6851851851851851,0.07105708936372551,
alpha,T3-O1,abs,EAI,TCSPi,6,32,62.0,0.18479860585123745,0.35416666666666663,0.3695972117024749,
alpha,T3-O1,abs,Narco,SYN,9,18,97.0,0.42531515781619333,-0.19753086419753085,0.42531515781619333,
alpha,T3-O1,abs,Narco,TCSPi,9,32,207.0,0.04900306924473769,-0.4375,0.19601227697895077,
alpha,T3-O1,abs,SYN,TCSPi,18,32,373.0,0.08766324588041159,-0.29513888888888884,0.2629897376412348,
alpha,Fp1-C3,rel,EAI,Narco,7,11,45.0,0.5961538461538461,-0.16883116883116878,1.0,
alpha,Fp1-C3,rel,EAI,SYN,7,18,60.0,0.8826045350530475,0.04761904761904767,1.0,
alpha,Fp1-C3,rel,EAI,TCSPi,7,38,97.0,0.27281889976161106,0.2706766917293233,0.8184566992848332,
alpha,Fp1-C3,rel,Narco,SYN,11,18,61.0,0.09189221109865607,0.38383838383838387,0.3675688443946243,
alpha,Fp1-C3,rel,Narco,TCSPi,11,38,79.0,0.0019154433004056636,0.6220095693779905,0.011492659802433983,*
alpha,Fp1-C3,rel,SYN,TCSPi,18,38,237.0,0.06675301516963451,0.3070175438596491,0.33376507584817255,
alpha,Fp1-C3,abs,EAI,Narco,7,11,32.0,0.5961538461538461,0.16883116883116878,1.0,
alpha,Fp1-C3,abs,EAI,SYN,7,17,35.0,0.12970089915170008,0.4117647058823529,0.7782053949102005,
alpha,Fp1-C3,abs,EAI,TCSPi,7,35,99.0,0.4459956895772043,0.19183673469387752,1.0,
alpha,Fp1-C3,abs,Narco,SYN,11,17,87.0,0.7777577411082133,0.06951871657754005,1.0,
alpha,Fp1-C3,abs,Narco,TCSPi,11,35,206.0,0.7377938534850551,-0.07012987012987004,1.0,
alpha,Fp1-C3,abs,SYN,TCSPi,17,35,359.0,0.2340710773946465,-0.20672268907563018,1.0,
alpha,Fp1-T3,rel,EAI,Narco,7,11,47.0,0.4789467068878833,-0.22077922077922074,1.0,
alpha,Fp1-T3,rel,EAI,SYN,7,17,65.0,0.756524050574394,-0.09243697478991586,1.0,
alpha,Fp1-T3,rel,EAI,TCSPi,7,38,73.0,0.0614307479877531,0.45112781954887216,0.2457229919510124,
alpha,Fp1-T3,rel,Narco,SYN,11,17,82.0,0.6048461261693899,0.12299465240641716,1.0,
alpha,Fp1-T3,rel,Narco,TCSPi,11,38,75.0,0.0013795977211648017,0.6411483253588517,0.008277586326988811,**
alpha,Fp1-T3,rel,SYN,TCSPi,17,38,156.0,0.0024257200789735583,0.5170278637770898,0.012128600394867791,*
alpha,Fp1-T3,abs,EAI,Narco,6,9,11.0,0.06633366633366634,0.5925925925925926,0.2653346653346654,
alpha,Fp1-T3,abs,EAI,SYN,6,16,18.0,0.026617345502794418,0.625,0.1597040730167665,
alpha,Fp1-T3,abs,EAI,TCSPi,6,36,47.0,0.02690502433763024,0.5648148148148149,0.1597040730167665,
alpha,Fp1-T3,abs,Narco,SYN,9,16,53.0,0.2949352987570909,0.26388888888888884,0.8848058962712727,
alpha,Fp1-T3,abs,Narco,TCSPi,9,36,136.0,0.46933096157192733,0.16049382716049387,0.9386619231438547,
alpha,Fp1-T3,abs,SYN,TCSPi,16,36,294.0,0.9131671210636492,-0.02083333333333326,0.9386619231438547,
alpha,Fp2-T4,rel,EAI,Narco,7,11,52.0,0.24629210658622425,-0.35064935064935066,0.7388763197586727,
alpha,Fp2-T4,rel,EAI,SYN,7,18,69.0,0.7450884127314332,-0.09523809523809534,0.7450884127314332,
alpha,Fp2-T4,rel,EAI,TCSPi,7,38,79.0,0.09438800941920626,0.40601503759398494,0.37755203767682505,
alpha,Fp2-T4,rel,Narco,SYN,11,18,77.0,0.33386750568353574,0.2222222222222222,0.7388763197586727,
alpha,Fp2-T4,rel,Narco,TCSPi,11,38,87.0,0.0035987575801824617,0.5837320574162679,0.02159254548109477,*
alpha,Fp2-T4,rel,SYN,TCSPi,18,38,212.0,0.023090749192294115,0.3801169590643275,0.11545374596147058,
alpha,Fp2-T4,abs,EAI,Narco,6,11,16.0,0.0982546864899806,0.5151515151515151,0.3930187459599224,
alpha,Fp2-T4,abs,EAI,SYN,6,17,21.0,0.036256649528960745,0.5882352941176471,0.21753989717376448,
alpha,Fp2-T4,abs,EAI,TCSPi,6,36,55.0,0.05781478695470992,0.4907407407407407,0.2890739347735496,
alpha,Fp2-T4,abs,Narco,SYN,11,17,95.0,0.9624810445979066,-0.016042780748663166,1.0,
alpha,Fp2-T4,abs,Narco,TCSPi,11,36,213.0,0.7156144315387338,-0.07575757575757569,1.0,
alpha,Fp2-T4,abs,SYN,TCSPi,17,36,312.0,0.9165307877357924,-0.019607843137254832,1.0,
alpha,T4-O2,rel,EAI,Narco,7,11,33.0,0.6589994972347913,0.1428571428571429,1.0,
alpha,T4-O2,rel,EAI,SYN,7,18,68.0,0.7903016434366548,-0.0793650793650793,1.0,
alpha,T4-O2,rel,EAI,TCSPi,7,39,105.0,0.3509003696986139,0.23076923076923073,1.0,
alpha,T4-O2,rel,Narco,SYN,11,18,126.0,0.233619658990177,-0.2727272727272727,1.0,
alpha,T4-O2,rel,Narco,TCSPi,11,39,200.0,0.7430081058078915,0.06759906759906764,1.0,
alpha,T4-O2,rel,SYN,TCSPi,18,39,234.0,0.04549827488503459,0.33333333333333337,0.2729896493102075,
alpha,T4-O2,abs,EAI,Narco,6,9,2.0,0.0015984015984015984,0.9259259259259259,0.00959040959040959,**
alpha,T4-O2,abs,EAI,SYN,6,17,29.0,0.13510059734316027,0.43137254901960786,0.4053017920294808,
alpha,T4-O2,abs,EAI,TCSPi,6,36,72.0,0.20767030908237583,0.33333333333333337,0.41534061816475165,
alpha,T4-O2,abs,Narco,SYN,9,17,127.0,0.007042237935079827,-0.6601307189542485,0.035211189675399136,*
alpha,T4-O2,abs,Narco,TCSPi,9,36,244.0,0.020745728878075215,-0.5061728395061729,0.08298291551230086,
alpha,T4-O2,abs,SYN,TCSPi,17,36,294.0,0.8265432662080221,0.039215686274509776,0.8265432662080221,
alpha,Fp1-A1,rel,EAI,Narco,7,11,43.0,0.7242332830568124,-0.11688311688311681,1.0,
alpha,Fp1-A1,rel,EAI,SYN,7,19,78.0,0.5335603526907874,-0.1729323308270676,1.0,
alpha,Fp1-A1,rel,EAI,TCSPi,7,37,88.0,0.19275940795032057,0.3204633204633205,0.7710376318012823,
alpha,Fp1-A1,rel,Narco,SYN,11,19,102.0,0.9314084359029517,0.02392344497607657,1.0,
alpha,Fp1-A1,rel,Narco,TCSPi,11,37,118.0,0.037065707673356284,0.4201474201474201,0.2223942460401377,
alpha,Fp1-A1,rel,SYN,TCSPi,19,37,237.0,0.04851973828025072,0.3257467994310099,0.2425986914012536,
alpha,Fp1-A1,abs,EAI,Narco,7,9,17.0,0.14160839160839161,0.46031746031746035,0.7080419580419581,
alpha,Fp1-A1,abs,EAI,SYN,7,15,35.0,0.2371939206304531,0.33333333333333337,0.8177026580790825,
alpha,Fp1-A1,abs,EAI,TCSPi,7,34,110.0,0.7732950092385265,0.07563025210084029,1.0,
alpha,Fp1-A1,abs,Narco,SYN,9,15,78.0,0.5509849875850934,-0.15555555555555545,1.0,
alpha,Fp1-A1,abs,Narco,TCSPi,9,34,209.0,0.09753949633630722,-0.36601307189542487,0.5852369780178434,
alpha,Fp1-A1,abs,SYN,TCSPi,15,34,314.0,0.20442566451977062,-0.2313725490196079,0.8177026580790825,
alpha,Fp2-C4,rel,EAI,Narco,6,11,33.0,1.0,0.0,1.0,
alpha,Fp2-C4,rel,EAI,SYN,6,18,41.0,0.4148860293025053,0.2407407407407407,0.8297720586050106,
alpha,Fp2-C4,rel,EAI,TCSPi,6,38,53.0,0.03614139689012066,0.5350877192982456,0.1807069844506033,
alpha,Fp2-C4,rel,Narco,SYN,11,18,73.0,0.25173732588657827,0.26262626262626265,0.7552119776597348,
alpha,Fp2-C4,rel,Narco,TCSPi,11,38,96.0,0.007024293305693993,0.5406698564593302,0.04214575983416396,*
alpha,Fp2-C4,rel,SYN,TCSPi,18,38,229.0,0.04841766164655812,0.33040935672514615,0.19367064658623248,
alpha,Fp2-C4,abs,EAI,Narco,7,9,31.0,1.0,0.015873015873015928,1.0,
alpha,Fp2-C4,abs,EAI,SYN,7,19,42.0,0.16920644572818483,0.368421052631579,0.8460322286409241,
alpha,Fp2-C4,abs,EAI,TCSPi,7,34,119.0,1.0,0.0,1.0,
alpha,Fp2-C4,abs,Narco,SYN,9,19,65.0,0.3251952035623663,0.23976608187134507,1.0,
alpha,Fp2-C4,abs,Narco,TCSPi,9,34,163.0,0.7767064514123079,-0.065359477124183,1.0,
alpha,Fp2-C4,abs,SYN,TCSPi,19,34,431.0,0.046171728949591914,-0.33436532507739947,0.27703037369755146,
alpha,Fp2-A1,rel,EAI,Narco,6,11,32.0,0.9612152553329023,0.030303030303030276,1.0,
alpha,Fp2-A1,rel,EAI,SYN,6,19,61.0,0.8283907396950876,-0.07017543859649122,1.0,
alpha,Fp2-A1,rel,EAI,TCSPi,6,37,64.0,0.1043147377147437,0.42342342342342343,0.5157748165818065,
alpha,Fp2-A1,rel,Narco,SYN,11,19,102.0,0.9314084359029517,0.02392344497607657,1.0,
alpha,Fp2-A1,rel,Narco,TCSPi,11,37,133.0,0.08596246943030107,0.34643734643734647,0.5157748165818065,
alpha,Fp2-A1,rel,SYN,TCSPi,19,37,256.0,0.10017829422626803,0.27169274537695587,0.5157748165818065,
alpha,Fp2-A1,abs,EAI,Narco,7,9,17.0,0.14160839160839161,0.46031746031746035,0.42482517482517484,
alpha,Fp2-A1,abs,EAI,SYN,7,18,33.0,0.07370501352194717,0.47619047619047616,0.31292666215715303,
alpha,Fp2-A1,abs,EAI,TCSPi,7,35,125.0,0.9473874733823384,-0.020408163265306145,1.0,
alpha,Fp2-A1,abs,Narco,SYN,9,18,74.0,0.7381351386116883,0.0864197530864198,1.0,
alpha,Fp2-A1,abs,Narco,TCSPi,9,35,222.0,0.06258533243143061,-0.4095238095238096,0.31292666215715303,
alpha,Fp2-A1,abs,SYN,TCSPi,18,35,466.0,0.004704924624737382,-0.47936507936507944,0.02822954774842429,*
alpha,T3-A1,rel,EAI,Narco,7,11,40.0,0.9298014077425841,-0.03896103896103886,1.0,
alpha,T3-A1,rel,EAI,SYN,7,18,82.0,0.2698855835240275,-0.3015873015873016,1.0,
alpha,T3-A1,rel,EAI,TCSPi,7,39,102.0,0.30561113116416583,0.25274725274725274,1.0,
alpha,T3-A1,rel,Narco,SYN,11,18,114.0,0.5145776023860105,-0.1515151515151516,1.0,
alpha,T3-A1,rel,Narco,TCSPi,11,39,153.0,0.15312294429613357,0.28671328671328666,0.7656147214806679,
alpha,T3-A1,rel,SYN,TCSPi,18,39,205.0,0.012493950699345,0.41595441595441596,0.07496370419607,
alpha,T3-A1,abs,EAI,Narco,6,9,12.0,0.08791208791208792,0.5555555555555556,0.26373626373626374,
alpha,T3-A1,abs,EAI,SYN,6,16,15.0,0.013348880221945237,0.6875,0.06674440110972618,
alpha,T3-A1,abs,EAI,TCSPi,6,33,86.0,0.6349296256417001,0.13131313131313127,1.0,
alpha,T3-A1,abs,Narco,SYN,9,16,78.0,0.7555146567388422,-0.08333333333333326,1.0,
alpha,T3-A1,abs,Narco,TCSPi,9,33,211.0,0.05736639547447813,-0.42087542087542085,0.22946558189791252,
alpha,T3-A1,abs,SYN,TCSPi,16,33,390.0,0.007458026363685236,-0.4772727272727273,0.04474815818211142,*
alpha,C3-A1,rel,EAI,Narco,7,11,46.0,0.5360105580693816,-0.19480519480519476,1.0,
alpha,C3-A1,rel,EAI,SYN,7,19,71.0,0.8213651565825477,-0.06766917293233088,1.0,
alpha,C3-A1,rel,EAI,TCSPi,7,39,100.0,0.27757699812497716,0.26739926739926745,1.0,
alpha,C3-A1,rel,Narco,SYN,11,19,94.0,0.6669303755920171,0.1004784688995215,1.0,
alpha,C3-A1,rel,Narco,TCSPi,11,39,120.0,0.027705646642834928,0.4405594405594405,0.16623387985700958,
alpha,C3-A1,rel,SYN,TCSPi,19,39,255.0,0.05674679309221798,0.31174089068825916,0.2837339654610899,
alpha,C3-A1,abs,EAI,Narco,7,9,21.0,0.29912587412587416,0.33333333333333337,1.0,
alpha,C3-A1,abs,EAI,SYN,7,17,38.0,0.1869206943577653,0.3613445378151261,0.9346034717888264,
alpha,C3-A1,abs,EAI,TCSPi,7,35,112.0,0.7412503843826049,0.08571428571428574,1.0,
alpha,C3-A1,abs,Narco,SYN,9,17,76.0,1.0,0.006535947712418277,1.0,
alpha,C3-A1,abs,Narco,TCSPi,9,35,194.0,0.2948939838180872,-0.2317460317460318,1.0,
alpha,C3-A1,abs,SYN,TCSPi,17,35,389.0,0.07587275805015313,-0.30756302521008405,0.45523654830091875,
alpha,T4-A1,rel,EAI,Narco,7,11,42.0,0.7914152840623428,-0.09090909090909083,0.9772248803827751,
alpha,T4-A1,rel,EAI,SYN,7,18,83.0,0.24430622009569378,-0.31746031746031744,0.9772248803827751,
alpha,T4-A1,rel,EAI,TCSPi,7,39,102.0,0.30561113116416583,0.25274725274725274,0.9772248803827751,
alpha,T4-A1,rel,Narco,SYN,11,18,115.0,0.486007339888778,-0.16161616161616155,0.9772248803827751,
alpha,T4-A1,rel,Narco,TCSPi,11,39,140.0,0.08308854391937692,0.3473193473193473,0.4154427195968846,
alpha,T4-A1,rel,SYN,TCSPi,18,39,202.0,0.010791473440782242,0.4245014245014245,0.06474884064469345,
alpha,T4-A1,abs,EAI,Narco,7,9,21.0,0.29912587412587416,0.33333333333333337,0.8973776223776224,
alpha,T4-A1,abs,EAI,SYN,7,18,41.0,0.19814437278968172,0.3492063492063492,0.7925774911587269,
alpha,T4-A1,abs,EAI,TCSPi,7,35,141.0,0.5515504889702579,-0.15102040816326534,1.0,
alpha,T4-A1,abs,Narco,SYN,9,18,81.0,1.0,0.0,1.0,
alpha,T4-A1,abs,Narco,TCSPi,9,35,231.0,0.033671191759972185,-0.46666666666666656,0.16835595879986093,
alpha,T4-A1,abs,SYN,TCSPi,18,35,461.0,0.006282411435461214,-0.4634920634920634,0.03769446861276728,*
alpha,C4-A1,rel,EAI,Narco,7,11,45.0,0.5961538461538461,-0.16883116883116878,1.0,
alpha,C4-A1,rel,EAI,SYN,7,19,78.0,0.5335603526907874,-0.1729323308270676,1.0,
alpha,C4-A1,rel,EAI,TCSPi,7,38,107.0,0.4328728182386719,0.19548872180451127,1.0,
alpha,C4-A1,rel,Narco,SYN,11,19,101.0,0.8972710782822758,0.03349282296650713,1.0,
alpha,C4-A1,rel,Narco,TCSPi,11,38,136.0,0.08234787600224076,0.34928229665071775,0.4117393800112038,
alpha,C4-A1,rel,SYN,TCSPi,19,38,249.0,0.05909548065026775,0.3102493074792244,0.35457288390160646,
alpha,C4-A1,abs,EAI,Narco,7,10,18.0,0.10880296174413821,0.48571428571428577,0.43521184697655285,
alpha,C4-A1,abs,EAI,SYN,7,18,42.0,0.22041605991262742,0.33333333333333337,0.6612481797378822,
alpha,C4-A1,abs,EAI,TCSPi,7,35,133.0,0.7412503843826049,-0.08571428571428563,1.0,
alpha,C4-A1,abs,Narco,SYN,10,18,104.0,0.5174536828656139,-0.15555555555555545,1.0,
alpha,C4-A1,abs,Narco,TCSPi,10,35,253.0,0.034359841928303755,-0.44571428571428573,0.1717992096415188,
alpha,C4-A1,abs,SYN,TCSPi,18,35,454.0,0.009289909408432882,-0.44126984126984126,0.05573945645059729,
beta,Fp1-C3,rel,EAI,Narco,7,10,58.0,0.024989716166186754,-0.6571428571428573,0.09995886466474702,
beta,Fp1-C3,rel,EAI,SYN,7,19,66.0,0.9999999999999998,0.007518796992481258,1.0,
beta,Fp1-C3,rel,EAI,TCSPi,7,38,112.0,0.5290269067920799,0.1578947368421053,1.0,
beta,Fp1-C3,rel,Narco,SYN,10,19,37.0,0.008332751739180275,0.6105263157894737,0.04166375869590137,*
beta,Fp1-C3,rel,Narco,TCSPi,10,38,20.0,1.6850732452706173e-05,0.8947368421052632,0.00010110439471623704,***
beta,Fp1-C3,rel,SYN,TCSPi,19,38,313.0,0.42134823269748845,0.13296398891966754,1.0,
beta,Fp1-C3,abs,EAI,Narco,6,9,38.0,0.22377622377622375,-0.40740740740740744,0.5404023893726411,
beta,Fp1-C3,abs,EAI,SYN,6,17,29.0,0.13510059734316027,0.43137254901960786,0.5404023893726411,
beta,Fp1-C3,abs,EAI,TCSPi,6,37,71.0,0.17050370592478842,0.36036036036036034,0.5404023893726411,
beta,Fp1-C3,abs,Narco,SYN,9,17,35.0,0.027121196267595894,0.542483660130719,0.16272717760557537,
beta,Fp1-C3,abs,Narco,TCSPi,9,37,91.0,0.037826131046375326,0.45345345345345345,0.18913065523187664,
beta,Fp1-C3,abs,SYN,TCSPi,17,37,350.0,0.5144937497256616,-0.11287758346581866,0.5404023893726411,
beta,Fp1-T3,rel,EAI,Narco,7,11,56.0,0.12594268476621417,-0.4545454545454546,0.5037707390648567,
beta,Fp1-T3,rel,EAI,SYN,7,18,63.0,1.0,0.0,1.0,
beta,Fp1-T3,rel,EAI,TCSPi,7,36,120.0,0.8595666586829975,0.04761904761904767,1.0,
beta,Fp1-T3,rel,Narco,SYN,11,18,53.0,0.04084766997128589,0.46464646464646464,0.20423834985642944,
beta,Fp1-T3,rel,Narco,TCSPi,11,36,72.0,0.0016143240870365489,0.6363636363636364,0.009685944522219294,**
beta,Fp1-T3,rel,SYN,TCSPi,18,36,298.0,0.6398492378956886,0.08024691358024694,1.0,
beta,Fp1-T3,abs,EAI,Narco,6,9,27.0,1.0,0.0,1.0,
beta,Fp1-T3,abs,EAI,SYN,6,16,33.0,0.2938361947649873,0.3125,1.0,
beta,Fp1-T3,abs,EAI,TCSPi,6,35,93.0,0.67903214758157,0.11428571428571432,1.0,
beta,Fp1-T3,abs,Narco,SYN,9,16,47.0,0.1654297590683368,0.3472222222222222,0.9925785544100207,
beta,Fp1-T3,abs,Narco,TCSPi,9,35,132.0,0.4669852613467842,0.16190476190476188,1.0,
beta,Fp1-T3,abs,SYN,TCSPi,16,35,344.0,0.19738183973043177,-0.22857142857142865,0.9925785544100207,
beta,T3-O1,rel,EAI,Narco,7,10,55.0,0.055327025915261216,-0.5714285714285714,0.22130810366104486,
beta,T3-O1,rel,EAI,SYN,7,18,74.0,0.5339005616808821,-0.17460317460317465,1.0,
beta,T3-O1,rel,EAI,TCSPi,7,37,149.0,0.5501016060095977,-0.1505791505791505,1.0,
beta,T3-O1,rel,Narco,SYN,10,18,40.0,0.017627869111895726,0.5555555555555556,0.08813934555947864,
beta,T3-O1,rel,Narco,TCSPi,10,37,63.0,0.0015872367449585665,0.6594594594594594,0.009523420469751399,**
beta,T3-O1,rel,SYN,TCSPi,18,37,343.0,0.8646914036832938,-0.03003003003003002,1.0,
beta,T3-O1,abs,EAI,Narco,6,9,14.0,0.14465534465534466,0.4814814814814815,0.5786213786213786,
beta,T3-O1,abs,EAI,SYN,6,17,22.0,0.043765540333046055,0.5686274509803921,0.2625932419982763,
beta,T3-O1,abs,EAI,TCSPi,6,34,82.0,0.4699336699336699,0.196078431372549,0.9398673398673398,
beta,T3-O1,abs,Narco,SYN,9,17,74.0,0.9141594109425056,0.0326797385620915,0.9398673398673398,
beta,T3-O1,abs,Narco,TCSPi,9,34,195.0,0.21536624648591984,-0.27450980392156854,0.6460987394577595,
beta,T3-O1,abs,SYN,TCSPi,17,34,389.0,0.0467956266687196,-0.3460207612456747,0.2625932419982763,
beta,Fp2-T4,rel,EAI,Narco,6,10,53.0,0.010989010989010988,-0.7666666666666666,0.04395604395604395,*
beta,Fp2-T4,rel,EAI,SYN,6,18,47.0,0.6729174715444739,0.12962962962962965,1.0,
beta,Fp2-T4,rel,EAI,TCSPi,6,37,95.0,0.5957899460899729,0.14414414414414412,1.0,
beta,Fp2-T4,rel,Narco,SYN,10,18,27.0,0.0027296781893087225,0.7,0.013648390946543612,*
beta,Fp2-T4,rel,Narco,TCSPi,10,37,18.0,1.5049582659741484e-05,0.9027027027027027,9.02974959584489e-05,***
beta,Fp2-T4,rel,SYN,TCSPi,18,37,323.0,0.8646914036832938,0.03003003003003002,1.0,
beta,Fp2-T4,abs,EAI,Narco,6,10,22.0,0.42782217782217785,0.2666666666666667,1.0,
beta,Fp2-T4,abs,EAI,SYN,6,17,36.0,0.31925663962277234,0.2941176470588235,1.0,
beta,Fp2-T4,abs,EAI,TCSPi,6,37,86.0,0.40006436528513134,0.22522522522522526,1.0,
beta,Fp2-T4,abs,Narco,SYN,10,17,79.0,0.7824305201097079,0.07058823529411762,1.0,
beta,Fp2-T4,abs,Narco,TCSPi,10,37,204.0,0.6305985173912259,-0.10270270270270276,1.0,
beta,Fp2-T4,abs,SYN,TCSPi,17,37,360.0,0.4019738616085826,-0.1446740858505564,1.0,
beta,Fp1-A1,rel,EAI,Narco,7,11,53.0,0.2109100050276521,-0.37662337662337664,1.0,
beta,Fp1-A1,rel,EAI,SYN,7,19,72.0,0.7777135907570688,-0.08270676691729317,1.0,
beta,Fp1-A1,rel,EAI,TCSPi,7,38,143.0,0.7710150944410731,-0.07518796992481214,1.0,
beta,Fp1-A1,rel,Narco,SYN,11,19,77.0,0.2452416933789061,0.26315789473684215,1.0,
beta,Fp1-A1,rel,Narco,TCSPi,11,38,142.0,0.11105871337876805,0.32057416267942584,0.6663522802726083,
beta,Fp1-A1,rel,SYN,TCSPi,19,38,362.0,0.9932467487472411,-0.0027700831024930483,1.0,
beta,Fp1-A1,abs,EAI,Narco,5,9,15.0,0.36363636363636365,0.33333333333333337,1.0,
beta,Fp1-A1,abs,EAI,SYN,5,16,26.0,0.2748046587055875,0.35,1.0,
beta,Fp1-A1,abs,EAI,TCSPi,5,35,79.0,0.7510425405162248,0.0971428571428572,1.0,
beta,Fp1-A1,abs,Narco,SYN,9,16,54.0,0.3218113791981505,0.25,1.0,
beta,Fp1-A1,abs,Narco,TCSPi,9,35,180.0,0.5221038111552354,-0.1428571428571428,1.0,
beta,Fp1-A1,abs,SYN,TCSPi,16,35,368.0,0.07569246173757636,-0.3142857142857143,0.45415477042545815,
beta,Fp2-C4,rel,EAI,Narco,7,11,64.0,0.02042483660130719,-0.6623376623376624,0.08169934640522876,
beta,Fp2-C4,rel,EAI,SYN,7,18,72.0,0.6149407114624506,-0.1428571428571428,1.0,
beta,Fp2-C4,rel,EAI,TCSPi,7,36,130.0,0.9103688002096816,-0.031746031746031855,1.0,
beta,Fp2-C4,rel,Narco,SYN,11,18,42.0,0.011101544119538499,0.5757575757575757,0.05550772059769249,
beta,Fp2-C4,rel,Narco,TCSPi,11,36,34.0,3.989410770915966e-05,0.8282828282828283,0.00023936464625495796,***
beta,Fp2-C4,rel,SYN,TCSPi,18,36,281.0,0.43547956412271316,0.13271604938271608,1.0,
beta,Fp2-C4,abs,EAI,Narco,6,9,34.0,0.45594405594405585,-0.2592592592592593,1.0,
beta,Fp2-C4,abs,EAI,SYN,6,17,40.0,0.4727233102519144,0.21568627450980393,1.0,
beta,Fp2-C4,abs,EAI,TCSPi,6,37,81.0,0.30958291492070633,0.2702702702702703,1.0,
beta,Fp2-C4,abs,Narco,SYN,9,17,51.0,0.1778449580539434,0.33333333333333337,0.889224790269717,
beta,Fp2-C4,abs,Narco,TCSPi,9,37,100.0,0.06762075318096528,0.3993993993993994,0.40572451908579166,
beta,Fp2-C4,abs,SYN,TCSPi,17,37,334.0,0.7234400904547091,-0.062003179650238494,1.0,
beta,T4-O2,rel,EAI,Narco,7,10,53.0,0.08782394076511724,-0.5142857142857142,0.35129576306046895,
beta,T4-O2,rel,EAI,SYN,7,16,58.0,0.922135611057404,-0.03571428571428581,1.0,
beta,T4-O2,rel,EAI,TCSPi,7,37,154.0,0.4496112896865203,-0.18918918918918926,1.0,
beta,T4-O2,rel,Narco,SYN,10,16,38.0,0.028724858794455063,0.525,0.14362429397227533,
beta,T4-O2,rel,Narco,TCSPi,10,37,93.0,0.017386573277761927,0.4972972972972973,0.10431943966657156,
beta,T4-O2,rel,SYN,TCSPi,16,37,346.0,0.33753707355431595,-0.16891891891891886,1.0,
beta,T4-O2,abs,EAI,Narco,6,9,8.0,0.025574425574425574,0.7037037037037037,0.1022977022977023,
beta,T4-O2,abs,EAI,SYN,6,18,24.0,0.04719308151802431,0.5555555555555556,0.14157924455407292,
beta,T4-O2,abs,EAI,TCSPi,6,35,90.0,0.6015641888555882,0.1428571428571429,0.6015641888555882,
beta,T4-O2,abs,Narco,SYN,9,18,115.0,0.08487874677553436,-0.4197530864197532,0.16975749355106873,
beta,T4-O2,abs,Narco,TCSPi,9,35,255.0,0.004768282447891637,-0.6190476190476191,0.028609694687349824,*
beta,T4-O2,abs,SYN,TCSPi,18,35,447.0,0.013521561518782926,-0.4190476190476191,0.06760780759391463,
beta,Fp2-A1,rel,EAI,Narco,7,11,53.0,0.2109100050276521,-0.37662337662337664,1.0,
beta,Fp2-A1,rel,EAI,SYN,7,18,80.0,0.3260786353234866,-0.26984126984126977,1.0,
beta,Fp2-A1,rel,EAI,TCSPi,7,37,160.0,0.3434606188509523,-0.2355212355212355,1.0,
beta,Fp2-A1,rel,Narco,SYN,11,18,82.0,0.45831769413307955,0.1717171717171717,1.0,
beta,Fp2-A1,rel,Narco,TCSPi,11,37,153.0,0.22001287988885032,0.24815724815724816,1.0,
beta,Fp2-A1,rel,SYN,TCSPi,18,37,323.0,0.8646914036832938,0.03003003003003002,1.0,
beta,Fp2-A1,abs,EAI,Narco,6,9,17.0,0.2721278721278721,0.37037037037037035,0.8163836163836162,
beta,Fp2-A1,abs,EAI,SYN,6,17,25.0,0.07364260453505306,0.5098039215686274,0.3682130226752653,
beta,Fp2-A1,abs,EAI,TCSPi,6,38,96.0,0.5587645479874633,0.1578947368421053,0.8502184748478994,
beta,Fp2-A1,abs,Narco,SYN,9,17,52.0,0.19583011922996596,0.3202614379084967,0.7833204769198638,
beta,Fp2-A1,abs,Narco,TCSPi,9,38,201.0,0.4251092374239497,-0.17543859649122817,0.8502184748478994,
beta,Fp2-A1,abs,SYN,TCSPi,17,38,441.0,0.03235299717825239,-0.3653250773993808,0.19411798306951436,
beta,C3-A1,rel,EAI,Narco,7,11,63.0,0.026772247360482657,-0.6363636363636365,0.16063348416289594,
beta,C3-A1,rel,EAI,SYN,7,18,72.0,0.6149407114624506,-0.1428571428571428,1.0,
beta,C3-A1,rel,EAI,TCSPi,7,37,157.0,0.39447437209177066,-0.21235521235521237,1.0,
beta,C3-A1,rel,Narco,SYN,11,18,59.0,0.07583302378299661,0.4040404040404041,0.30333209513198645,
beta,C3-A1,rel,Narco,TCSPi,11,37,113.0,0.027265962256521847,0.4447174447174447,0.16063348416289594,
beta,C3-A1,rel,SYN,TCSPi,18,37,351.0,0.7535935714013229,-0.054054054054053946,1.0,
beta,C3-A1,abs,EAI,Narco,6,9,19.0,0.38841158841158835,0.2962962962962963,1.0,
beta,C3-A1,abs,EAI,SYN,6,17,28.0,0.11713077159301416,0.4509803921568627,0.5856538579650707,
beta,C3-A1,abs,EAI,TCSPi,6,36,92.0,0.5864124079785183,0.14814814814814814,1.0,
beta,C3-A1,abs,Narco,SYN,9,17,61.0,0.41883037948611723,0.20261437908496727,1.0,
beta,C3-A1,abs,Narco,TCSPi,9,36,184.0,0.5418173062236495,-0.1358024691358024,1.0,
beta,C3-A1,abs,SYN,TCSPi,17,36,412.0,0.044394737399836126,-0.34640522875817004,0.26636842439901676,
beta,T3-A1,rel,EAI,Narco,7,11,51.0,0.2854449472096531,-0.3246753246753247,1.0,
beta,T3-A1,rel,EAI,SYN,7,19,69.0,0.910142900577683,-0.03759398496240607,1.0,
beta,T3-A1,rel,EAI,TCSPi,7,39,164.0,0.41724385834721484,-0.20146520146520142,1.0,
beta,T3-A1,rel,Narco,SYN,11,19,82.0,0.34373951888501775,0.215311004784689,1.0,
beta,T3-A1,rel,Narco,TCSPi,11,39,185.0,0.4970337274972393,0.13752913752913754,1.0,
beta,T3-A1,rel,SYN,TCSPi,19,39,413.0,0.48653363877607847,-0.1147098515519569,1.0,
beta,T3-A1,abs,EAI,Narco,6,9,13.0,0.1134865134865135,0.5185185185185186,0.34045954045954047,
beta,T3-A1,abs,EAI,SYN,6,16,24.0,0.0832294640344176,0.5,0.3329178561376704,
beta,T3-A1,abs,EAI,TCSPi,6,33,98.0,0.9848768919976353,0.010101010101010055,1.0,
beta,T3-A1,abs,Narco,SYN,9,16,73.0,0.9774173567823232,-0.01388888888888884,1.0,
beta,T3-A1,abs,Narco,TCSPi,9,33,222.0,0.025240904731227053,-0.49494949494949503,0.12620452365613527,
beta,T3-A1,abs,SYN,TCSPi,16,33,382.0,0.012241386370827865,-0.446969696969697,0.0734483182249672,
beta,T4-A1,rel,EAI,Narco,7,11,53.0,0.2109100050276521,-0.37662337662337664,1.0,
beta,T4-A1,rel,EAI,SYN,7,19,87.0,0.2542110063849194,-0.30827067669172936,1.0,
beta,T4-A1,rel,EAI,TCSPi,7,37,180.0,0.10986914390204237,-0.38996138996139007,0.6592148634122542,
beta,T4-A1,rel,Narco,SYN,11,19,90.0,0.5468343308303629,0.13875598086124397,1.0,
beta,T4-A1,rel,Narco,TCSPi,11,37,184.0,0.6411670628211317,0.09582309582309578,1.0,
beta,T4-A1,rel,SYN,TCSPi,19,37,391.0,0.4997385979375678,-0.11237553342816509,1.0,
beta,T4-A1,abs,EAI,Narco,7,9,32.0,1.0,-0.015873015873015817,1.0,
beta,T4-A1,abs,EAI,SYN,7,18,46.0,0.3260786353234866,0.2698412698412699,0.9782359059704597,
beta,T4-A1,abs,EAI,TCSPi,7,36,177.0,0.09731935531260845,-0.40476190476190466,0.3892774212504338,
beta,T4-A1,abs,Narco,SYN,9,18,67.0,0.48745329036403495,0.1728395061728395,0.9782359059704597,
beta,T4-A1,abs,Narco,TCSPi,9,36,235.0,0.03966667592225933,-0.4506172839506173,0.19833337961129666,
beta,T4-A1,abs,SYN,TCSPi,18,36,487.0,0.002865807894225405,-0.5030864197530864,0.017194847365352428,*
beta,C4-A1,rel,EAI,Narco,7,11,65.0,0.015397184514831573,-0.6883116883116882,0.09238310708898943,
beta,C4-A1,rel,EAI,SYN,7,19,82.0,0.39463970811796895,-0.23308270676691722,0.7892794162359379,
beta,C4-A1,rel,EAI,TCSPi,7,37,183.0,0.08931605606680987,-0.4131274131274132,0.35726422426723947,
beta,C4-A1,rel,Narco,SYN,11,19,66.0,0.10196819159792388,0.368421052631579,0.35726422426723947,
beta,C4-A1,rel,Narco,TCSPi,11,37,120.0,0.04175238090493606,0.4103194103194103,0.2087619045246803,
beta,C4-A1,rel,SYN,TCSPi,19,37,385.0,0.5679520806545378,-0.09530583214793742,0.7892794162359379,
beta,C4-A1,abs,EAI,Narco,5,9,20.0,0.7972027972027972,0.11111111111111116,1.0,
beta,C4-A1,abs,EAI,SYN,5,18,28.0,0.22681208951231835,0.37777777777777777,0.9655738694186655,
beta,C4-A1,abs,EAI,TCSPi,5,37,104.0,0.6783798144517014,-0.12432432432432439,1.0,
beta,C4-A1,abs,Narco,SYN,9,18,72.0,0.6619715128514689,0.11111111111111116,1.0,
beta,C4-A1,abs,Narco,TCSPi,9,37,214.0,0.1931147738837331,-0.2852852852852852,0.9655738694186655,
beta,C4-A1,abs,SYN,TCSPi,18,37,460.0,0.02326339384692255,-0.38138138138138133,0.1395803630815353,
gamma_bas,Fp1-T3,rel,EAI,Narco,6,11,37.0,0.732546864899806,-0.1212121212121211,1.0,
gamma_bas,Fp1-T3,rel,EAI,SYN,6,19,30.0,0.09232072275550535,0.4736842105263158,0.27696216826651604,
gamma_bas,Fp1-T3,rel,EAI,TCSPi,6,39,106.0,0.7324427321591248,0.09401709401709402,1.0,
gamma_bas,Fp1-T3,rel,Narco,SYN,11,19,50.0,0.02012713771632021,0.5215311004784688,0.12076282629792126,
gamma_bas,Fp1-T3,rel,Narco,TCSPi,11,39,129.0,0.04651892216778632,0.39860139860139865,0.18607568867114527,
gamma_bas,Fp1-T3,rel,SYN,TCSPi,19,39,503.0,0.028749633806784428,-0.35762483130904177,0.14374816903392212,
gamma_bas,Fp1-T3,abs,EAI,Narco,6,9,15.0,0.181018981018981,0.4444444444444444,0.543056943056943,
gamma_bas,Fp1-T3,abs,EAI,SYN,6,16,19.0,0.032809295967190705,0.6041666666666667,0.16404647983595352,
gamma_bas,Fp1-T3,abs,EAI,TCSPi,6,35,88.0,0.5521280636813372,0.16190476190476188,0.5633702203058606,
gamma_bas,Fp1-T3,abs,Narco,SYN,9,16,42.0,0.09489787392476422,0.41666666666666663,0.37959149569905687,
gamma_bas,Fp1-T3,abs,Narco,TCSPi,9,35,195.0,0.2816851101529303,-0.23809523809523814,0.5633702203058606,
gamma_bas,Fp1-T3,abs,SYN,TCSPi,16,35,407.0,0.010230383074335509,-0.4535714285714285,0.061382298446013055,
gamma_bas,Fp1-C3,rel,EAI,Narco,6,10,33.0,0.7924575424575424,-0.10000000000000009,1.0,
gamma_bas,Fp1-C3,rel,EAI,SYN,6,19,40.0,0.302540937323546,0.29824561403508776,0.907622811970638,
gamma_bas,Fp1-C3,rel,EAI,TCSPi,6,38,104.0,0.7514147792083127,0.08771929824561409,1.0,
gamma_bas,Fp1-C3,rel,Narco,SYN,10,19,46.0,0.026058917269946025,0.5157894736842106,0.13029458634973012,
gamma_bas,Fp1-C3,rel,Narco,TCSPi,10,38,92.0,0.01331719874228375,0.5157894736842106,0.0799031924537025,
gamma_bas,Fp1-C3,rel,SYN,TCSPi,19,38,444.0,0.162543625842145,-0.22991689750692523,0.65017450336858,
gamma_bas,Fp1-C3,abs,EAI,Narco,6,9,25.0,0.8639360639360639,0.07407407407407407,1.0,
gamma_bas,Fp1-C3,abs,EAI,SYN,6,17,27.0,0.10092424737733663,0.47058823529411764,0.4780841307603459,
gamma_bas,Fp1-C3,abs,EAI,TCSPi,6,38,96.0,0.5587645479874633,0.1578947368421053,1.0,
gamma_bas,Fp1-C3,abs,Narco,SYN,9,17,42.0,0.06687824348079525,0.4509803921568627,0.40126946088477156,
gamma_bas,Fp1-C3,abs,Narco,TCSPi,9,38,159.0,0.7558581019053915,0.07017543859649122,1.0,
gamma_bas,Fp1-C3,abs,SYN,TCSPi,17,38,415.0,0.09561682615206918,-0.28482972136222906,0.4780841307603459,
gamma_bas,T3-O1,rel,EAI,Narco,7,11,61.0,0.04411764705882353,-0.5844155844155845,0.17647058823529413,
gamma_bas,T3-O1,rel,EAI,SYN,7,19,49.0,0.33387959866220734,0.26315789473684215,0.6677591973244147,
gamma_bas,T3-O1,rel,EAI,TCSPi,7,38,162.0,0.38018705313089884,-0.21804511278195493,0.6677591973244147,
gamma_bas,T3-O1,rel,Narco,SYN,11,19,42.0,0.007624498327390583,0.5980861244019139,0.045746989964343496,*
gamma_bas,T3-O1,rel,Narco,TCSPi,11,38,132.0,0.06679224636464502,0.368421052631579,0.20037673909393505,
gamma_bas,T3-O1,rel,SYN,TCSPi,19,38,509.0,0.012528651900341643,-0.40997229916897515,0.06264325950170821,
gamma_bas,T3-O1,abs,EAI,Narco,6,9,10.0,0.04955044955044956,0.6296296296296297,0.19820179820179823,
gamma_bas,T3-O1,abs,EAI,SYN,6,17,23.0,0.05238392423747115,0.5490196078431373,0.19820179820179823,
gamma_bas,T3-O1,abs,EAI,TCSPi,6,33,90.0,0.7470388089583138,0.09090909090909094,1.0,
gamma_bas,T3-O1,abs,Narco,SYN,9,17,74.0,0.9141594109425056,0.0326797385620915,1.0,
gamma_bas,T3-O1,abs,Narco,TCSPi,9,33,237.0,0.006986308058810227,-0.595959595959596,0.034931540294051135,*
gamma_bas,T3-O1,abs,SYN,TCSPi,17,33,438.0,0.0013030067882889062,-0.5614973262032086,0.007818040729733437,**
gamma_bas,Fp2-T4,rel,EAI,Narco,7,11,61.0,0.04411764705882353,-0.5844155844155845,0.17647058823529413,
gamma_bas,Fp2-T4,rel,EAI,SYN,7,19,40.0,0.1353146853146853,0.3984962406015038,0.27527117813277885,
gamma_bas,Fp2-T4,rel,EAI,TCSPi,7,39,158.0,0.528867468240819,-0.15750915750915762,0.528867468240819,
gamma_bas,Fp2-T4,rel,Narco,SYN,11,19,34.0,0.002590603317542745,0.6746411483253589,0.01554361990525647,*
gamma_bas,Fp2-T4,rel,Narco,TCSPi,11,39,142.0,0.09175705937759294,0.337995337995338,0.27527117813277885,
gamma_bas,Fp2-T4,rel,SYN,TCSPi,19,39,542.0,0.004610863485363926,-0.4628879892037787,0.02305431742681963,*
gamma_bas,Fp2-T4,abs,EAI,Narco,6,9,17.0,0.2721278721278721,0.37037037037037035,1.0,
gamma_bas,Fp2-T4,abs,EAI,SYN,6,17,29.0,0.13510059734316027,0.43137254901960786,0.6755029867158013,
gamma_bas,Fp2-T4,abs,EAI,TCSPi,6,37,110.0,0.9863796233023328,0.009009009009009028,1.0,
gamma_bas,Fp2-T4,abs,Narco,SYN,9,17,58.0,0.33197546708273695,0.24183006535947715,1.0,
gamma_bas,Fp2-T4,abs,Narco,TCSPi,9,37,206.0,0.280186001049043,-0.23723723723723733,1.0,
gamma_bas,Fp2-T4,abs,SYN,TCSPi,17,37,439.0,0.020919484971963675,-0.39586645468998416,0.12551690983178204,
gamma_bas,Fp2-C4,rel,EAI,Narco,6,11,49.0,0.12152553329023917,-0.48484848484848486,0.3645765998707175,
gamma_bas,Fp2-C4,rel,EAI,SYN,6,18,46.0,0.6260810128087017,0.14814814814814814,1.0,
gamma_bas,Fp2-C4,rel,EAI,TCSPi,6,36,121.0,0.661113129662552,-0.12037037037037046,1.0,
gamma_bas,Fp2-C4,rel,Narco,SYN,11,18,43.0,0.012612069147875615,0.5656565656565656,0.06306034573937808,
gamma_bas,Fp2-C4,rel,Narco,TCSPi,11,36,92.0,0.008030441101946369,0.5353535353535354,0.04818264661167822,*
gamma_bas,Fp2-C4,rel,SYN,TCSPi,18,36,417.0,0.08963634095786303,-0.287037037037037,0.35854536383145214,
gamma_bas,Fp2-C4,abs,EAI,Narco,6,9,32.0,0.606993006993007,-0.18518518518518512,1.0,
gamma_bas,Fp2-C4,abs,EAI,SYN,6,17,43.0,0.608794714057872,0.1568627450980392,1.0,
gamma_bas,Fp2-C4,abs,EAI,TCSPi,6,35,128.0,0.41627012615459347,-0.21904761904761916,1.0,
gamma_bas,Fp2-C4,abs,Narco,SYN,9,17,57.0,0.3058167100529222,0.2549019607843137,1.0,
gamma_bas,Fp2-C4,abs,Narco,TCSPi,9,35,165.0,0.8386113631746286,-0.04761904761904767,1.0,
gamma_bas,Fp2-C4,abs,SYN,TCSPi,17,35,398.0,0.05109075384718811,-0.3378151260504201,0.30654452308312863,
gamma_bas,T4-O2,rel,EAI,Narco,6,11,49.0,0.12152553329023917,-0.48484848484848486,0.24305106658047834,
gamma_bas,T4-O2,rel,EAI,SYN,6,19,18.0,0.011247882552230378,0.6842105263157895,0.044991530208921514,*
gamma_bas,T4-O2,rel,EAI,TCSPi,6,38,118.0,0.9071552384087831,-0.03508771929824572,0.9071552384087831,
gamma_bas,T4-O2,rel,Narco,SYN,11,19,23.0,0.0004903853223648824,0.7799043062200957,0.002451926611824412,**
gamma_bas,T4-O2,rel,Narco,TCSPi,11,38,121.0,0.03602474307790414,0.42105263157894735,0.10807422923371242,
gamma_bas,T4-O2,rel,SYN,TCSPi,19,38,585.0,0.00015468264476884436,-0.6204986149584488,0.0009280958686130661,***
gamma_bas,T4-O2,abs,EAI,Narco,6,9,13.0,0.1134865134865135,0.5185185185185186,0.34045954045954047,
gamma_bas,T4-O2,abs,EAI,SYN,6,17,25.0,0.07364260453505306,0.5098039215686274,0.29457041814021223,
gamma_bas,T4-O2,abs,EAI,TCSPi,6,34,88.0,0.617706428232744,0.13725490196078427,1.0,
gamma_bas,T4-O2,abs,Narco,SYN,9,17,89.0,0.5177862052646545,-0.1633986928104576,1.0,
gamma_bas,T4-O2,abs,Narco,TCSPi,9,34,248.0,0.0047842906054198974,-0.6209150326797386,0.023921453027099488,*
gamma_bas,T4-O2,abs,SYN,TCSPi,17,34,469.0,0.0003349482637947851,-0.6228373702422145,0.0020096895827687107,**
gamma_bas,Fp1-A1,rel,EAI,Narco,6,11,36.0,0.807530704589528,-0.09090909090909083,1.0,
gamma_bas,Fp1-A1,rel,EAI,SYN,6,19,33.0,0.13780914737436473,0.42105263157894735,0.4134274421230942,
gamma_bas,Fp1-A1,rel,EAI,TCSPi,6,38,95.0,0.5363757059729832,0.16666666666666663,1.0,
gamma_bas,Fp1-A1,rel,Narco,SYN,11,19,39.0,0.005152041691840436,0.6267942583732058,0.030912250151042618,*
gamma_bas,Fp1-A1,rel,Narco,TCSPi,11,38,100.0,0.009326626404213306,0.5215311004784688,0.04663313202106653,*
gamma_bas,Fp1-A1,rel,SYN,TCSPi,19,38,465.0,0.07976390576675751,-0.2880886426592797,0.31905562306703006,
gamma_bas,Fp1-A1,abs,EAI,Narco,6,9,17.0,0.2721278721278721,0.37037037037037035,1.0,
gamma_bas,Fp1-A1,abs,EAI,SYN,6,16,26.0,0.11480573090480212,0.45833333333333337,0.5740286545240105,
gamma_bas,Fp1-A1,abs,EAI,TCSPi,6,36,96.0,0.6867985083646188,0.11111111111111116,1.0,
gamma_bas,Fp1-A1,abs,Narco,SYN,9,16,62.0,0.5906933198847109,0.13888888888888884,1.0,
gamma_bas,Fp1-A1,abs,Narco,TCSPi,9,36,201.0,0.2746371656669462,-0.2407407407407407,1.0,
gamma_bas,Fp1-A1,abs,SYN,TCSPi,16,36,396.0,0.03306228328901747,-0.375,0.1983736997341048,
gamma_bas,Fp2-A1,rel,EAI,Narco,6,11,39.0,0.5908209437621202,-0.18181818181818188,1.0,
gamma_bas,Fp2-A1,rel,EAI,SYN,6,19,37.0,0.2211744776962168,0.3508771929824561,0.6635234330886504,
gamma_bas,Fp2-A1,rel,EAI,TCSPi,6,38,103.0,0.7261994953430004,0.0964912280701754,1.0,
gamma_bas,Fp2-A1,rel,Narco,SYN,11,19,39.0,0.005152041691840436,0.6267942583732058,0.030912250151042618,*
gamma_bas,Fp2-A1,rel,Narco,TCSPi,11,38,105.0,0.013136944524831487,0.4976076555023924,0.06568472262415744,
gamma_bas,Fp2-A1,rel,SYN,TCSPi,19,38,475.0,0.054689044341706475,-0.3157894736842106,0.2187561773668259,
gamma_bas,Fp2-A1,abs,EAI,Narco,6,9,18.0,0.3276723276723276,0.33333333333333337,0.9174501301587666,
gamma_bas,Fp2-A1,abs,EAI,SYN,6,17,25.0,0.07364260453505306,0.5098039215686274,0.3682130226752653,
gamma_bas,Fp2-A1,abs,EAI,TCSPi,6,37,113.0,0.9591467433363722,-0.018018018018018056,0.9591467433363722,
gamma_bas,Fp2-A1,abs,Narco,SYN,9,17,57.0,0.3058167100529222,0.2549019607843137,0.9174501301587666,
gamma_bas,Fp2-A1,abs,Narco,TCSPi,9,37,216.0,0.17484494384839344,-0.29729729729729737,0.6993797753935738,
gamma_bas,Fp2-A1,abs,SYN,TCSPi,17,37,465.0,0.005211351475161118,-0.4785373608903021,0.03126810885096671,*
gamma_bas,T3-A1,rel,EAI,Narco,6,10,30.0,1.0,0.0,1.0,
gamma_bas,T3-A1,rel,EAI,SYN,6,19,22.0,0.02516092603049125,0.6140350877192983,0.100643704121965,
gamma_bas,T3-A1,rel,EAI,TCSPi,6,38,85.0,0.3386290397067482,0.2543859649122807,0.6772580794134964,
gamma_bas,T3-A1,rel,Narco,SYN,10,19,34.0,0.00550439938044453,0.6421052631578947,0.03302639628266718,*
gamma_bas,T3-A1,rel,Narco,TCSPi,10,38,117.0,0.06569301841513694,0.38421052631578945,0.19707905524541083,
gamma_bas,T3-A1,rel,SYN,TCSPi,19,38,522.0,0.0065884794423273435,-0.445983379501385,0.03302639628266718,*
gamma_bas,T3-A1,abs,EAI,Narco,7,10,14.0,0.043089263677498976,0.6,0.1723570547099959,
gamma_bas,T3-A1,abs,EAI,SYN,7,17,29.0,0.05531863254975383,0.5126050420168067,0.1723570547099959,
gamma_bas,T3-A1,abs,EAI,TCSPi,7,35,119.0,0.9211494500326334,0.02857142857142858,1.0,
gamma_bas,T3-A1,abs,Narco,SYN,10,17,83.0,0.9399645113416611,0.02352941176470591,1.0,
gamma_bas,T3-A1,abs,Narco,TCSPi,10,35,265.0,0.014548205913238396,-0.5142857142857142,0.07274102956619198,
gamma_bas,T3-A1,abs,SYN,TCSPi,17,35,457.0,0.0019245212045903575,-0.5361344537815127,0.011547127227542146,*
gamma_bas,C3-A1,rel,EAI,Narco,7,11,57.0,0.10419808949220714,-0.48051948051948057,0.3125942684766214,
gamma_bas,C3-A1,rel,EAI,SYN,7,19,48.0,0.3057859531772575,0.27819548872180455,0.611571906354515,
gamma_bas,C3-A1,rel,EAI,TCSPi,7,38,131.0,0.9633685341569632,0.015037593984962405,0.9633685341569632,
gamma_bas,C3-A1,rel,Narco,SYN,11,19,32.0,0.0019442042470441542,0.69377990430622,0.011665225482264925,*
gamma_bas,C3-A1,rel,Narco,TCSPi,11,38,85.0,0.0030836984299121746,0.5933014354066986,0.015418492149560873,*
gamma_bas,C3-A1,rel,SYN,TCSPi,19,38,478.0,0.048595590420230844,-0.32409972299168976,0.19438236168092338,
gamma_bas,C3-A1,abs,EAI,Narco,7,9,18.0,0.1737762237762238,0.4285714285714286,0.5692797540623629,
gamma_bas,C3-A1,abs,EAI,SYN,7,17,34.0,0.11385595081247257,0.4285714285714286,0.5692797540623629,
gamma_bas,C3-A1,abs,EAI,TCSPi,7,36,119.0,0.8343587041679409,0.05555555555555558,1.0,
gamma_bas,C3-A1,abs,Narco,SYN,9,17,69.0,0.7059672880183405,0.0980392156862745,1.0,
gamma_bas,C3-A1,abs,Narco,TCSPi,9,36,217.0,0.1219960801001855,-0.3395061728395061,0.5692797540623629,
gamma_bas,C3-A1,abs,SYN,TCSPi,17,36,432.0,0.016781855661597175,-0.41176470588235303,0.10069113396958304,
gamma_bas,T4-A1,rel,EAI,Narco,6,11,37.0,0.732546864899806,-0.1212121212121211,1.0,
gamma_bas,T4-A1,rel,EAI,SYN,6,19,30.0,0.09232072275550535,0.4736842105263158,0.3692828910220214,
gamma_bas,T4-A1,rel,EAI,TCSPi,6,37,104.0,0.8242850680083865,0.06306306306306309,1.0,
gamma_bas,T4-A1,rel,Narco,SYN,11,19,44.0,0.009817604551185419,0.5789473684210527,0.049088022755927094,*
gamma_bas,T4-A1,rel,Narco,TCSPi,11,37,139.0,0.11643554905838545,0.31695331695331697,0.3692828910220214,
gamma_bas,T4-A1,rel,SYN,TCSPi,19,37,508.0,0.006942196572037888,-0.44523470839260315,0.04165317943222733,*
gamma_bas,T4-A1,abs,EAI,Narco,7,9,24.0,0.46975524475524477,0.23809523809523814,1.0,
gamma_bas,T4-A1,abs,EAI,SYN,7,17,45.0,0.3827635623974297,0.24369747899159666,1.0,
gamma_bas,T4-A1,abs,EAI,TCSPi,7,37,155.0,0.43078463763898284,-0.19691119691119696,1.0,
gamma_bas,T4-A1,abs,Narco,SYN,9,17,67.0,0.6276258050283593,0.12418300653594772,1.0,
gamma_bas,T4-A1,abs,Narco,TCSPi,9,37,244.0,0.03299752416156934,-0.4654654654654655,0.1649876208078467,
gamma_bas,T4-A1,abs,SYN,TCSPi,17,37,470.0,0.0038919010434367678,-0.49443561208267095,0.023351406260620607,*
gamma_bas,C4-A1,rel,EAI,Narco,7,11,58.0,0.08534439416792358,-0.5064935064935066,0.2560331825037707,
gamma_bas,C4-A1,rel,EAI,SYN,7,19,41.0,0.15157190635451503,0.3834586466165414,0.30314381270903007,
gamma_bas,C4-A1,rel,EAI,TCSPi,7,38,123.0,0.7710150944410731,0.07518796992481203,0.7710150944410731,
gamma_bas,C4-A1,rel,Narco,SYN,11,19,31.0,0.0016799170338514966,0.7033492822966507,0.01007950220310898,*
gamma_bas,C4-A1,rel,Narco,TCSPi,11,38,96.0,0.007024293305693993,0.5406698564593302,0.035121466528469966,*
gamma_bas,C4-A1,rel,SYN,TCSPi,19,38,494.0,0.024898602300492362,-0.368421052631579,0.09959440920196945,
gamma_bas,C4-A1,abs,EAI,Narco,6,10,8.0,0.015984015984015984,0.7333333333333334,0.0959040959040959,
gamma_bas,C4-A1,abs,EAI,SYN,6,16,23.0,0.07009502365539517,0.5208333333333333,0.21028507096618554,
gamma_bas,C4-A1,abs,EAI,TCSPi,6,36,88.0,0.4930662440290168,0.18518518518518523,0.9861324880580336,
gamma_bas,C4-A1,abs,Narco,SYN,10,16,92.0,0.5444462141032209,-0.1499999999999999,0.9861324880580336,
gamma_bas,C4-A1,abs,Narco,TCSPi,10,36,264.0,0.026168385973567826,-0.46666666666666656,0.1046735438942713,
gamma_bas,C4-A1,abs,SYN,TCSPi,16,36,407.0,0.018802920378092013,-0.4131944444444444,0.0959040959040959,
gamma_haut,Fp1-T3,rel,EAI,Narco,7,10,38.0,0.8125257095845331,-0.08571428571428563,1.0,
gamma_haut,Fp1-T3,rel,EAI,SYN,7,19,42.0,0.16920644572818483,0.368421052631579,0.6768257829127393,
gamma_haut,Fp1-T3,rel,EAI,TCSPi,7,39,160.0,0.4901230236220002,-0.17216117216117222,1.0,
gamma_haut,Fp1-T3,rel,Narco,SYN,10,19,47.0,0.029298294404550604,0.5052631578947369,0.14649147202275303,
gamma_haut,Fp1-T3,rel,Narco,TCSPi,10,39,198.0,0.9505490015219569,-0.01538461538461533,1.0,
gamma_haut,Fp1-T3,rel,SYN,TCSPi,19,39,565.0,0.0013086131585097094,-0.524966261808367,0.007851678951058257,**
gamma_haut,Fp1-T3,abs,EAI,Narco,7,9,27.0,0.6805944055944056,0.1428571428571429,1.0,
gamma_haut,Fp1-T3,abs,EAI,SYN,7,16,33.0,0.13528473590393095,0.4107142857142857,0.6764236795196548,
gamma_haut,Fp1-T3,abs,EAI,TCSPi,7,36,127.0,0.987169794645091,-0.007936507936507908,1.0,
gamma_haut,Fp1-T3,abs,Narco,SYN,9,16,48.0,0.18337811248945035,0.33333333333333337,0.7335124499578014,
gamma_haut,Fp1-T3,abs,Narco,TCSPi,9,36,206.0,0.21708295254888021,-0.27160493827160503,0.7335124499578014,
gamma_haut,Fp1-T3,abs,SYN,TCSPi,16,36,406.0,0.019827882344901127,-0.4097222222222223,0.11896729406940676,
gamma_haut,Fp1-C3,rel,EAI,Narco,6,10,29.0,0.9577922077922078,0.033333333333333326,1.0,
gamma_haut,Fp1-C3,rel,EAI,SYN,6,19,32.0,0.12115189158667417,0.4385964912280702,0.48460756634669666,
gamma_haut,Fp1-C3,rel,EAI,TCSPi,6,37,114.0,0.9319673370782424,-0.027027027027026973,1.0,
gamma_haut,Fp1-C3,rel,Narco,SYN,10,19,52.0,0.05117209797510933,0.4526315789473684,0.25586048987554666,
gamma_haut,Fp1-C3,rel,Narco,TCSPi,10,37,176.0,0.8251337172017835,0.048648648648648596,1.0,
gamma_haut,Fp1-C3,rel,SYN,TCSPi,19,37,523.0,0.0030845709899566093,-0.4879089615931722,0.018507425939739655,*
gamma_haut,Fp1-C3,abs,EAI,Narco,6,9,19.0,0.38841158841158835,0.2962962962962963,1.0,
gamma_haut,Fp1-C3,abs,EAI,SYN,6,16,27.0,0.13351560719981773,0.4375,0.6675780359990886,
gamma_haut,Fp1-C3,abs,EAI,TCSPi,6,37,101.0,0.7454362814842858,0.09009009009009006,1.0,
gamma_haut,Fp1-C3,abs,Narco,SYN,9,16,49.0,0.20273017064652255,0.3194444444444444,0.8109206825860902,
gamma_haut,Fp1-C3,abs,Narco,TCSPi,9,37,180.0,0.7188716624318352,-0.08108108108108114,1.0,
gamma_haut,Fp1-C3,abs,SYN,TCSPi,16,37,391.0,0.06711542403941133,-0.32094594594594605,0.40269254423646794,
gamma_haut,T3-O1,rel,EAI,Narco,7,11,49.0,0.37493715434891906,-0.2727272727272727,0.6060702766199066,
gamma_haut,T3-O1,rel,EAI,SYN,7,19,42.0,0.16920644572818483,0.368421052631579,0.5076193371845545,
gamma_haut,T3-O1,rel,EAI,TCSPi,7,33,161.0,0.11047278524058711,-0.39393939393939403,0.44189114096234844,
gamma_haut,T3-O1,rel,Narco,SYN,11,19,49.0,0.017932651663139194,0.5311004784688995,0.08966325831569597,
gamma_haut,T3-O1,rel,Narco,TCSPi,11,33,220.0,0.3030351383099533,-0.21212121212121215,0.6060702766199066,
gamma_haut,T3-O1,rel,SYN,TCSPi,19,33,506.0,0.00026372592374095707,-0.6140350877192982,0.0015823555424457425,**
gamma_haut,T3-O1,abs,EAI,Narco,7,9,17.0,0.14160839160839161,0.46031746031746035,0.44029124193883923,
gamma_haut,T3-O1,abs,EAI,SYN,7,18,36.0,0.11007281048470981,0.4285714285714286,0.44029124193883923,
gamma_haut,T3-O1,abs,EAI,TCSPi,7,33,128.0,0.6758943034484832,-0.10822510822510822,1.0,
gamma_haut,T3-O1,abs,Narco,SYN,9,18,80.0,0.9794828848425403,0.012345679012345734,1.0,
gamma_haut,T3-O1,abs,Narco,TCSPi,9,33,246.0,0.00294542910218433,-0.6565656565656566,0.01767257461310598,*
gamma_haut,T3-O1,abs,SYN,TCSPi,18,33,446.0,0.003422528862170856,-0.5016835016835017,0.01767257461310598,*
gamma_haut,Fp2-T4,rel,EAI,Narco,7,11,43.0,0.7242332830568124,-0.11688311688311681,1.0,
gamma_haut,Fp2-T4,rel,EAI,SYN,7,19,30.0,0.035165703861356035,0.5488721804511278,0.14066281544542414,
gamma_haut,Fp2-T4,rel,EAI,TCSPi,7,39,146.0,0.7877421780008774,-0.06959706959706957,1.0,
gamma_haut,Fp2-T4,rel,Narco,SYN,11,19,45.0,0.011112163541824956,0.569377990430622,0.05556081770912478,
gamma_haut,Fp2-T4,rel,Narco,TCSPi,11,39,237.0,0.6063936113593476,-0.10489510489510478,1.0,
gamma_haut,Fp2-T4,rel,SYN,TCSPi,19,39,581.0,0.0005029820692840337,-0.5681511470985154,0.0030178924157042023,**
gamma_haut,Fp2-T4,abs,EAI,Narco,6,10,16.0,0.14710289710289712,0.4666666666666667,0.4413086913086913,
gamma_haut,Fp2-T4,abs,EAI,SYN,6,17,26.0,0.08650083707291946,0.4901960784313726,0.34600334829167784,
gamma_haut,Fp2-T4,abs,EAI,TCSPi,6,37,103.0,0.7977703104132337,0.07207207207207211,0.9331783905677278,
gamma_haut,Fp2-T4,abs,Narco,SYN,10,17,70.0,0.4665891952838639,0.17647058823529416,0.9331783905677278,
gamma_haut,Fp2-T4,abs,Narco,TCSPi,10,37,256.0,0.06686799580407998,-0.38378378378378386,0.3343399790203999,
gamma_haut,Fp2-T4,abs,SYN,TCSPi,17,37,444.0,0.016280905442049104,-0.41176470588235303,0.09768543265229462,
gamma_haut,Fp2-C4,rel,EAI,Narco,6,11,42.0,0.4043309631544926,-0.2727272727272727,1.0,
gamma_haut,Fp2-C4,rel,EAI,SYN,6,19,33.0,0.13780914737436473,0.42105263157894735,0.5512365894974589,
gamma_haut,Fp2-C4,rel,EAI,TCSPi,6,38,124.0,0.7514147792083127,-0.08771929824561409,1.0,
gamma_haut,Fp2-C4,rel,Narco,SYN,11,19,46.0,0.012556181317524905,0.5598086124401913,0.06278090658762453,
gamma_haut,Fp2-C4,rel,Narco,TCSPi,11,38,203.0,0.895150945716083,0.028708133971291905,1.0,
gamma_haut,Fp2-C4,rel,SYN,TCSPi,19,38,528.0,0.00482444891261397,-0.4626038781163435,0.02894669347568382,*
gamma_haut,Fp2-C4,abs,EAI,Narco,7,9,37.0,0.6064685314685315,-0.17460317460317465,1.0,
gamma_haut,Fp2-C4,abs,EAI,SYN,7,17,55.0,0.8041571319603358,0.07563025210084029,1.0,
gamma_haut,Fp2-C4,abs,EAI,TCSPi,7,37,165.0,0.26788225059712056,-0.274131274131274,1.0,
gamma_haut,Fp2-C4,abs,Narco,SYN,9,17,62.0,0.45051586608854133,0.1895424836601307,1.0,
gamma_haut,Fp2-C4,abs,Narco,TCSPi,9,37,194.0,0.45468687319297474,-0.1651651651651651,1.0,
gamma_haut,Fp2-C4,abs,SYN,TCSPi,17,37,417.0,0.057473014634667134,-0.3259141494435611,0.3448380878080028,
gamma_haut,T4-O2,rel,EAI,Narco,6,11,37.0,0.732546864899806,-0.1212121212121211,1.0,
gamma_haut,T4-O2,rel,EAI,SYN,6,19,21.0,0.020790513833992098,0.631578947368421,0.08316205533596839,
gamma_haut,T4-O2,rel,EAI,TCSPi,6,35,125.0,0.4817275555401358,-0.19047619047619047,1.0,
gamma_haut,T4-O2,rel,Narco,SYN,11,19,29.0,0.0012477442503725717,0.722488038277512,0.006238721251862859,**
gamma_haut,T4-O2,rel,Narco,TCSPi,11,35,215.0,0.5710237068271466,-0.11688311688311681,1.0,
gamma_haut,T4-O2,rel,SYN,TCSPi,19,35,566.0,2.4386120418101045e-05,-0.7022556390977444,0.00014631672250860626,***
gamma_haut,T4-O2,abs,EAI,Narco,6,9,12.0,0.08791208791208792,0.5555555555555556,0.26373626373626374,
gamma_haut,T4-O2,abs,EAI,SYN,6,17,23.0,0.05238392423747115,0.5490196078431373,0.2095356969498846,
gamma_haut,T4-O2,abs,EAI,TCSPi,6,35,106.0,0.9856676069769781,-0.00952380952380949,1.0,
gamma_haut,T4-O2,abs,Narco,SYN,9,17,85.0,0.6663415341905732,-0.11111111111111116,1.0,
gamma_haut,T4-O2,abs,Narco,TCSPi,9,35,256.0,0.004352985412662821,-0.6253968253968254,0.021764927063314104,*
gamma_haut,T4-O2,abs,SYN,TCSPi,17,35,475.0,0.0005548647883970133,-0.596638655462185,0.0033291887303820798,**
gamma_haut,Fp1-A1,rel,EAI,Narco,7,11,39.0,0.9999999999999999,-0.01298701298701288,1.0,
gamma_haut,Fp1-A1,rel,EAI,SYN,7,19,41.0,0.15157190635451503,0.3834586466165414,0.6062876254180601,
gamma_haut,Fp1-A1,rel,EAI,TCSPi,7,38,141.0,0.8183095407145324,-0.06015037593984962,1.0,
gamma_haut,Fp1-A1,rel,Narco,SYN,11,19,49.0,0.017932651663139194,0.5311004784688995,0.08966325831569597,
gamma_haut,Fp1-A1,rel,Narco,TCSPi,11,38,179.0,0.47964732371253427,0.1435406698564593,1.0,
gamma_haut,Fp1-A1,rel,SYN,TCSPi,19,38,510.0,0.01194307774738469,-0.4127423822714682,0.07165846648430814,
gamma_haut,Fp1-A1,abs,EAI,Narco,7,9,23.0,0.4078671328671329,0.2698412698412699,1.0,
gamma_haut,Fp1-A1,abs,EAI,SYN,7,15,37.0,0.29824561403508765,0.2952380952380952,1.0,
gamma_haut,Fp1-A1,abs,EAI,TCSPi,7,37,140.0,0.7535737466104365,-0.08108108108108114,1.0,
gamma_haut,Fp1-A1,abs,Narco,SYN,9,15,69.0,0.9524515354386665,-0.022222222222222143,1.0,
gamma_haut,Fp1-A1,abs,Narco,TCSPi,9,37,216.0,0.17484494384839344,-0.29729729729729737,0.8742247192419672,
gamma_haut,Fp1-A1,abs,SYN,TCSPi,15,37,368.0,0.06909303824642993,-0.3261261261261261,0.41455822947857957,
gamma_haut,Fp2-A1,rel,EAI,Narco,7,11,42.0,0.7914152840623428,-0.09090909090909083,1.0,
gamma_haut,Fp2-A1,rel,EAI,SYN,7,19,49.0,0.33387959866220734,0.26315789473684215,1.0,
gamma_haut,Fp2-A1,rel,EAI,TCSPi,7,38,138.0,0.8904011977182711,-0.03759398496240607,1.0,
gamma_haut,Fp2-A1,rel,Narco,SYN,11,19,43.0,0.008659182270674004,0.5885167464114833,0.04329591135337002,*
gamma_haut,Fp2-A1,rel,Narco,TCSPi,11,38,178.0,0.4648820173328211,0.14832535885167464,1.0,
gamma_haut,Fp2-A1,rel,SYN,TCSPi,19,38,522.0,0.0065884794423273435,-0.445983379501385,0.03953087665396406,*
gamma_haut,Fp2-A1,abs,EAI,Narco,7,9,27.0,0.6805944055944056,0.1428571428571429,1.0,
gamma_haut,Fp2-A1,abs,EAI,SYN,7,16,41.0,0.3411201801294681,0.2678571428571429,1.0,
gamma_haut,Fp2-A1,abs,EAI,TCSPi,7,36,159.0,0.29195216973226945,-0.26190476190476186,1.0,
gamma_haut,Fp2-A1,abs,Narco,SYN,9,16,57.0,0.4117027470058471,0.20833333333333337,1.0,
gamma_haut,Fp2-A1,abs,Narco,TCSPi,9,36,220.0,0.10276904467818312,-0.3580246913580247,0.5138452233909157,
gamma_haut,Fp2-A1,abs,SYN,TCSPi,16,36,425.0,0.006803990013482453,-0.4756944444444444,0.04082394008089472,*
gamma_haut,T3-A1,rel,EAI,Narco,6,10,27.0,0.7924575424575424,0.09999999999999998,0.8625804144805845,
gamma_haut,T3-A1,rel,EAI,SYN,6,19,19.0,0.013901750423489553,0.6666666666666667,0.05560700169395821,
gamma_haut,T3-A1,rel,EAI,TCSPi,6,38,90.0,0.43129020724029227,0.21052631578947367,0.8625804144805845,
gamma_haut,T3-A1,rel,Narco,SYN,10,19,30.0,0.0030817573917858174,0.6842105263157895,0.01685914130149543,*
gamma_haut,T3-A1,rel,Narco,TCSPi,10,38,143.0,0.2378146503208961,0.24736842105263157,0.7134439509626883,
gamma_haut,T3-A1,rel,SYN,TCSPi,19,38,538.0,0.0028098568835825716,-0.4903047091412742,0.01685914130149543,*
gamma_haut,T3-A1,abs,EAI,Narco,7,10,10.0,0.013574660633484163,0.7142857142857143,0.06787330316742082,
gamma_haut,T3-A1,abs,EAI,SYN,7,18,30.0,0.04741834824214687,0.5238095238095238,0.14225504472644063,
gamma_haut,T3-A1,abs,EAI,TCSPi,7,36,119.0,0.8343587041679409,0.05555555555555558,1.0,
gamma_haut,T3-A1,abs,Narco,SYN,10,18,86.0,0.8667310593930333,0.0444444444444444,1.0,
gamma_haut,T3-A1,abs,Narco,TCSPi,10,36,273.0,0.013763229222042322,-0.5166666666666666,0.06787330316742082,
gamma_haut,T3-A1,abs,SYN,TCSPi,18,36,490.0,0.0023908417444582428,-0.5123456790123457,0.014345050466749457,*
gamma_haut,C3-A1,rel,EAI,Narco,6,11,30.0,0.807530704589528,0.09090909090909094,1.0,
gamma_haut,C3-A1,rel,EAI,SYN,6,19,24.0,0.03608130999435347,0.5789473684210527,0.1443252399774139,
gamma_haut,C3-A1,rel,EAI,TCSPi,6,37,84.0,0.3622108852129451,0.2432432432432432,1.0,
gamma_haut,C3-A1,rel,Narco,SYN,11,19,43.0,0.008659182270674004,0.5885167464114833,0.04862643287895498,*
gamma_haut,C3-A1,rel,Narco,TCSPi,11,37,167.0,0.3771954328911552,0.17936117936117935,1.0,
gamma_haut,C3-A1,rel,SYN,TCSPi,19,37,505.0,0.00810440547982583,-0.43669985775248943,0.04862643287895498,*
gamma_haut,C3-A1,abs,EAI,Narco,7,9,16.0,0.11416083916083916,0.4920634920634921,0.3979613064281257,
gamma_haut,C3-A1,abs,EAI,SYN,7,17,33.0,0.09949032660703143,0.4453781512605042,0.3979613064281257,
gamma_haut,C3-A1,abs,EAI,TCSPi,7,36,119.0,0.8343587041679409,0.05555555555555558,1.0,
gamma_haut,C3-A1,abs,Narco,SYN,9,17,71.0,0.7875572317029235,0.07189542483660127,1.0,
gamma_haut,C3-A1,abs,Narco,TCSPi,9,36,235.0,0.03966667592225933,-0.4506172839506173,0.19833337961129666,
gamma_haut,C3-A1,abs,SYN,TCSPi,17,36,432.0,0.016781855661597175,-0.41176470588235303,0.10069113396958304,
gamma_haut,T4-A1,rel,EAI,Narco,7,11,45.0,0.5961538461538461,-0.16883116883116878,1.0,
gamma_haut,T4-A1,rel,EAI,SYN,7,19,43.0,0.18824566737610213,0.3533834586466166,0.7529826695044085,
gamma_haut,T4-A1,rel,EAI,TCSPi,7,37,136.0,0.8506651571552908,-0.05019305019305009,1.0,
gamma_haut,T4-A1,rel,Narco,SYN,11,19,42.0,0.007624498327390583,0.5980861244019139,0.038122491636952915,*
gamma_haut,T4-A1,rel,Narco,TCSPi,11,37,177.0,0.5236189749724728,0.13022113022113024,1.0,
gamma_haut,T4-A1,rel,SYN,TCSPi,19,37,529.0,0.002191207522829642,-0.5049786628733997,0.013147245136977853,*
gamma_haut,T4-A1,abs,EAI,Narco,6,9,11.0,0.06633366633366634,0.5925925925925926,0.2653346653346654,
gamma_haut,T4-A1,abs,EAI,SYN,6,17,27.0,0.10092424737733663,0.47058823529411764,0.3027727421320099,
gamma_haut,T4-A1,abs,EAI,TCSPi,6,38,111.0,0.9336089321908944,0.02631578947368418,1.0,
gamma_haut,T4-A1,abs,Narco,SYN,9,17,71.0,0.7875572317029235,0.07189542483660127,1.0,
gamma_haut,T4-A1,abs,Narco,TCSPi,9,38,251.0,0.03160002614338668,-0.4678362573099415,0.15800013071693342,
gamma_haut,T4-A1,abs,SYN,TCSPi,17,38,471.0,0.007222430195482131,-0.45820433436532504,0.04333458117289278,*
gamma_haut,C4-A1,rel,EAI,Narco,7,11,40.0,0.9298014077425841,-0.03896103896103886,1.0,
gamma_haut,C4-A1,rel,EAI,SYN,7,19,39.0,0.12036485253876557,0.4135338345864662,0.4814594101550623,
gamma_haut,C4-A1,rel,EAI,TCSPi,7,37,117.0,0.7062938628675859,0.09652509652509655,1.0,
gamma_haut,C4-A1,rel,Narco,SYN,11,19,41.0,0.006702045283959751,0.6076555023923444,0.040212271703758504,*
gamma_haut,C4-A1,rel,Narco,TCSPi,11,37,164.0,0.33873625808876073,0.1941031941031941,1.0,
gamma_haut,C4-A1,rel,SYN,TCSPi,19,37,497.0,0.01209886106520508,-0.4139402560455192,0.0604943053260254,
gamma_haut,C4-A1,abs,EAI,Narco,6,10,4.0,0.002997002997002997,0.8666666666666667,0.017982017982017984,*
gamma_haut,C4-A1,abs,EAI,SYN,6,17,26.0,0.08650083707291946,0.4901960784313726,0.2595025112187584,
gamma_haut,C4-A1,abs,EAI,TCSPi,6,37,87.0,0.4198007563085033,0.21621621621621623,0.8396015126170066,
gamma_haut,C4-A1,abs,Narco,SYN,10,17,101.0,0.436421946107136,-0.18823529411764706,0.8396015126170066,
gamma_haut,C4-A1,abs,Narco,TCSPi,10,37,277.0,0.017386573277761927,-0.4972972972972973,0.08693286638880963,
gamma_haut,C4-A1,abs,SYN,TCSPi,17,37,430.0,0.03220843536615381,-0.3672496025437202,0.12883374146461524,
