,PC1,PC2,PC3,PC4
0,1.9131674155544136,0.487186323303157,1.734071606500411,-0.40134057328910033
1,-1.310899653148855,-0.5260339995149509,0.45308061588768445,-2.658322371635985
2,-0.12427071311791234,-1.7005639708687532,0.12023121949681574,-0.09966737008529886
3,1.4946319321746213,0.3182152279128162,-0.8253575913214941,-0.8975013899467609
4,1.2524753219167533,-1.050646651872503,-0.6379866275664726,1.4689118179492138
5,-0.5090649360221994,1.06510425664925,-0.017855479386079013,-0.14797708875634638
6,1.1002757598507134,-1.6206871494390311,0.8658147707714734,-1.6474973275294456
7,-1.6192705959423648,-1.0752012575613499,-1.1086225553077644,0.5944541434476015
8,1.6476483154549284,-1.0193490217667176,-1.367697379519928,0.9664118345457958
9,2.949888662485894,-0.8186322224108455,-0.6046225101913723,0.25835740795107504
10,-2.68947475916478,-0.2061327377046928,-0.9795198530385558,-0.27510338818696406
11,-1.9589613097008558,0.39037352957918653,0.6699305158624816,0.6830427747241448
12,-1.2986272529866412,1.2301652580992286,1.194676094160232,-2.259399446782545
13,2.101124924906529,-0.9730067648840666,-0.2039190499677795,0.04837833150819293
14,-4.3743617107297315,0.026262626799284455,0.29043251718908203,2.0314407755921984
15,2.5962236572597814,3.7026828043942124,1.4611520297888516,0.7162000257019401
16,2.637751931471396,-1.251908793163407,-1.622331241619126,1.0742140679153216
17,1.7495055796832346,-1.1161152961474134,-0.5130025280047259,-0.5646899332390382
18,-4.1740358729856135,2.284626554820005,-1.0409287919091135,-1.747350816849227
19,-0.052497788334339206,0.8802985817079169,-0.43078130887673055,0.35647680345147914
20,1.8037912513189425,-0.7154846637581348,-0.2856358543641161,-0.622981917223022
21,4.692796789241174,-0.9352280571835555,1.233949880732399,-1.287663928602855
22,-0.35940796611272086,0.5165240849288921,0.33002889699326765,-0.039569321272338635
23,-2.4273037246900246,-0.7509209218131949,0.9622881409414598,-0.4432660300757685
24,-4.6782918085966445,-0.3392379113020044,0.2768654584142756,1.3717602526794976
25,-1.983668515149432,-0.20378050724877217,0.44256665061969214,-1.5459412809742552
26,-4.303274875387174,1.8077424862602667,-1.8772315147952496,-1.4313136171677439
27,0.9348468287929831,-0.2685620235896277,0.015743412100370165,-0.11582912015729904
28,0.5896366743593099,-1.9061352183934372,-2.390498719745834,0.913672932782717
29,0.7967398656099062,0.9436422172469674,-0.02484307240654795,-0.7525107523619082
30,1.3602221538905377,-0.0300655318404816,-0.6450568225383494,1.3531918941931453
31,2.1378117839295525,-1.837752756193781,-1.4154739672042203,0.23076691257754614
32,-0.7226343545558052,0.12619552290825417,0.21288789203780037,0.06351518202905372
33,-0.28054171373206044,1.605398511914798,0.760768943598435,0.021383394837902425
34,-0.30005007329442906,1.4213958092224968,1.106514109991425,-0.011941959607539514
35,-2.2685705918013883,1.878917996415365,-0.5146742545074533,-1.3948091170738928
36,1.1874358898869282,-0.2816345645322768,-0.19535896235556238,-0.39638583707802555
37,1.9063397772890525,-1.2469121527506293,-0.32059706070763433,-0.7680004877038632
38,-0.12877143792686008,-2.0873835738763775,0.6992177849487154,-0.92730912602884
39,2.468568072289327,0.8410948338918783,0.4977687220367344,-1.1685170453349722
40,0.8785885078397299,-0.678042839520543,0.5368391800381888,-0.1353818699220329
41,0.9753262447959005,-0.5196140929570139,-0.0859792287859204,-0.8584160071803002
42,0.5102521892042008,-0.29685961851683956,-0.5166522788632429,-1.0656568369848405
43,-1.958870550063993,-0.4586888260938944,-1.620038798080644,-0.08606795809525766
44,-3.292388329088303,-1.8112416618319223,5.112062138920724,1.6713197512023754
45,-1.313792829884906,1.2482167951381435,0.6184134431465849,1.2267299657981598
46,1.161125590288655,-0.7558996253278739,0.24843971487628286,-0.487381649076346
47,0.9578581968561325,-0.8627186002534194,-0.08187085570937845,-0.23044108905078134
48,-0.765328016151893,-0.8430759344384255,0.5594972095975055,-2.120213707022382
49,1.3367172394972173,1.7148191941868351,0.7027941035845684,0.4115106577704235
50,1.7144020279900092,-0.6098740591240663,-0.7990211811658169,1.0975148331726337
51,1.0684623251249763,1.1142069530743353,-1.3955163589689221,2.7558476158315557
52,-0.4277620559915154,0.05471514229384444,-0.7602442900084924,-0.8070581095344317
53,-2.479693932848319,-0.8675125207614723,0.16723352824054014,0.9403640334894134
54,-3.7349469113000793,-0.819499224390955,1.4173450013415865,2.2642134483588126
55,2.5255858889101184,-0.7958016604006436,0.5166733789024087,-0.8444953089251569
56,-4.409112342824083,0.9891873113402782,-1.3918685571729301,-0.14302080163241193
57,-4.887259581472973,1.5995308728501196,-2.461324111245641,-1.0654744259997662
58,-0.26810423036881464,-0.15628027591088584,1.3708969356221048,-2.180191832737073
59,-0.36985125651795303,-0.9644031440894069,-0.7640064064108443,0.18387374745551208
60,1.5742820593269613,-2.128038741301134,-0.2820467657238282,0.012235688030442669
61,-1.7518100350186914,-3.310598300397066,1.5261947371441897,2.4043295094514865
62,-1.503495981967778,0.8222339477965326,3.151603402851856,1.2278949144706963
63,1.7154299743259056,-0.36051223356896556,0.648241301130941,-0.5802159546236932
64,2.6861822520276526,1.1614081554279725,0.922777450872886,0.4485496134222105
65,3.051573408386353,0.7601340822658834,-0.5625250844493137,0.7336382034946791
66,-1.0163220235762156,0.26541838350373664,-2.116925554651815,1.8541185972711702
67,1.224680424847111,0.5886235603681652,-0.6467965720209317,-0.18594803066679935
68,-0.37757366254127617,-0.6191746676891123,0.24948578072744368,-1.877258430143264
69,-0.8254608961622982,-2.1673521505032247,-0.7167299146551166,0.4987578838679293
70,-0.14943732055890155,0.4367301554111016,0.35730294162043913,-0.208850339668263
71,1.5798798564668717,0.13190404173362122,-0.7706247455777127,1.2521895597478414
72,3.767360833434838,4.985931549468684,1.5434349948857506,1.012869495916704
73,-0.5946024604460449,0.08163084042115715,0.5754663739997269,0.3027536847154757
74,-0.7560500458471737,1.4058862924224982,-0.4815728002099078,0.4368578676546949
75,2.3972525093224286,4.100160021135991,-1.0769522305407702,1.593213975216793
