feature,importance
Gamma_wavelet_23_8,0.03825426
Gamma_wavelet_23_9,0.027561756
Gamma_wavelet_4_7,0.024567714
Gamma_wavelet_23_6,0.022661062
Gamma_power_20,0.022466501
Beta_wavelet_4_9,0.02199722
Gamma_wavelet_20_9,0.014290484
Gamma_var_20,0.013334831
Theta_wavelet_19_6,0.012910035
Beta_wavelet_18_7,0.012817949
Theta_psd_mean_23,0.012560487
Gamma_std_20,0.012311338
Beta_wavelet_4_8,0.011332745
Beta_var_18,0.0100959735
Theta_var_20,0.009493207
Alpha_psd_mean_31,0.00939881
Gamma_pca_var_0,0.009341486
Theta_wavelet_23_5,0.008946125
Beta_wavelet_13_8,0.008774973
Gamma_wavelet_21_8,0.008590926
Beta_wavelet_12_8,0.008414092
Beta_wavelet_13_9,0.008036403
Gamma_var_4,0.0074028266
Beta_wavelet_4_7,0.0073710107
Beta_wavelet_2_8,0.007320336
Theta_wavelet_20_7,0.0073039886
Beta_wavelet_2_7,0.007167602
Gamma_wavelet_2_5,0.0071602776
Alpha_var_17,0.007049212
Theta_psd_mean_29,0.0070037683
age,0.006826639
Gamma_psd_mean_18,0.006363295
Delta_std_13,0.0062719425
Gamma_std_23,0.0060301633
Delta_var_17,0.0059524705
Delta_var_5,0.0059067304
Beta_wavelet_17_6,0.005716104
Theta_power_20,0.005603213
Gamma_psd_mean_0,0.005426137
Delta_wavelet_5_5,0.0053442996
Theta_wavelet_0_7,0.005321563
Gamma_wavelet_4_9,0.005320166
Delta_wavelet_17_7,0.0052807922
Gamma_wavelet_18_8,0.005197222
Alpha_wavelet_23_5,0.0050708023
Gamma_wavelet_23_7,0.00489424
Delta_std_17,0.0047147223
Gamma_wavelet_26_9,0.0046582795
Gamma_wavelet_20_6,0.0045330687
Beta_wavelet_21_9,0.004388686
Delta_wavelet_20_6,0.004362139
Delta_psd_mean_17,0.004358679
Gamma_wavelet_0_9,0.004349758
Gamma_std_6,0.0042817113
Delta_wavelet_17_6,0.004271511
Gamma_std_24,0.004186861
Beta_var_20,0.004096804
Gamma_var_21,0.004088204
Theta_wavelet_7_5,0.0039812946
Gamma_wavelet_25_7,0.0039644684
Delta_psd_mean_16,0.003929932
Alpha_psd_mean_20,0.003919457
Beta_wavelet_16_6,0.0038844973
Alpha_wavelet_26_6,0.0038781222
Delta_std_11,0.0038519008
Gamma_var_0,0.00378632
Alpha_wavelet_25_6,0.0037571508
Beta_wavelet_20_9,0.0037406627
Beta_psd_mean_11,0.0036533736
Alpha_wavelet_20_7,0.0033775505
Beta_wavelet_25_7,0.0033385814
Beta_wavelet_20_7,0.0033248218
Theta_var_17,0.0033052727
Theta_wavelet_20_6,0.0032807346
Beta_var_7,0.0032728494
Alpha_wavelet_9_6,0.0032639783
Theta_pca_var_4,0.0032159877
Alpha_wavelet_17_7,0.0032033068
Beta_var_14,0.0031736621
Theta_psd_mean_25,0.0031416847
Alpha_pca_var_2,0.0031397757
Gamma_wavelet_0_7,0.003132184
Theta_std_17,0.003086081
Alpha_var_18,0.003020817
Beta_skew_7,0.0030136781
Delta_var_4,0.0029593024
Gamma_var_12,0.0029333418
Beta_psd_mean_5,0.0029224774
Alpha_wavelet_26_8,0.002921849
Theta_wavelet_24_6,0.0028075464
Beta_wavelet_0_8,0.0027957843
Gamma_wavelet_6_6,0.0027436363
Theta_wavelet_4_6,0.002691235
Gamma_var_6,0.0026536405
Beta_skew_21,0.002629546
Gamma_psd_mean_6,0.0026274333
Gamma_wavelet_13_9,0.002581285
Gamma_psd_mean_19,0.0025704033
Theta_wavelet_4_5,0.0025693038
Alpha_wavelet_18_5,0.0025475565
Beta_psd_mean_20,0.0025387672
Theta_std_7,0.0025345094
Delta_var_16,0.0025203726
Gamma_var_5,0.0025178797
Gamma_std_0,0.0025151805
Gamma_wavelet_6_9,0.0025139896
Theta_wavelet_17_8,0.0024915065
Alpha_var_4,0.0024682486
Beta_var_2,0.0024610576
Gamma_wavelet_0_8,0.0022829012
Alpha_std_5,0.0022699423
Gamma_wavelet_13_6,0.002238578
Theta_wavelet_16_5,0.002223048
Delta_psd_mean_14,0.00216942
Beta_psd_mean_2,0.0021680137
Gamma_wavelet_13_5,0.0021592854
Gamma_wavelet_6_7,0.00213054
Theta_std_20,0.002113964
Gamma_wavelet_7_9,0.0021021888
Gamma_wavelet_21_7,0.0020844948
Beta_wavelet_7_8,0.002062501
Beta_std_24,0.0020570622
Theta_var_4,0.0020488028
Delta_var_11,0.002010567
Theta_var_12,0.001997741
Delta_std_3,0.0019777138
Delta_psd_mean_7,0.0019630576
Beta_pca_var_3,0.0019395422
Delta_pca_var_0,0.0019289858
Theta_power_16,0.0019173298
Delta_std_9,0.0019131772
Gamma_wavelet_20_7,0.0019090538
Gamma_wavelet_24_9,0.0018944868
Gamma_psd_mean_4,0.0018921372
Theta_wavelet_25_5,0.0018845838
Alpha_var_16,0.0018814534
Theta_wavelet_14_5,0.0018719541
Beta_wavelet_1_8,0.001840584
Beta_psd_mean_13,0.0018248862
Alpha_wavelet_12_7,0.0018232453
Theta_wavelet_17_6,0.0018221423
Alpha_wavelet_17_8,0.0018115598
Gamma_var_24,0.0018063169
Alpha_wavelet_26_7,0.0017783962
Gamma_var_13,0.0017745306
Beta_var_24,0.0017539497
Gamma_psd_mean_24,0.0017465255
Gamma_skew_7,0.0017401291
Theta_wavelet_17_5,0.0016838919
Alpha_wavelet_22_8,0.0016793433
Delta_var_7,0.0016714028
Alpha_var_23,0.001646446
Delta_wavelet_25_6,0.0016187354
Beta_wavelet_19_9,0.001608054
Gamma_var_11,0.0016056052
Beta_wavelet_24_7,0.0015850547
Delta_std_7,0.0015715361
Alpha_var_5,0.0015630759
Theta_pca_var_2,0.0015557288
Beta_wavelet_4_5,0.001536996
Beta_wavelet_11_9,0.0015162146
Beta_wavelet_6_7,0.0015143297
Alpha_skew_5,0.0015009305
Alpha_wavelet_7_8,0.0014996242
Theta_psd_mean_20,0.0014943583
Alpha_wavelet_5_7,0.0014891202
Theta_psd_mean_17,0.001488019
Beta_std_7,0.0014874435
Theta_skew_7,0.0014689517
Theta_wavelet_16_6,0.0014519098
Alpha_wavelet_17_6,0.0014506896
Alpha_psd_mean_16,0.0014288054
Theta_var_26,0.0014171452
Gamma_psd_mean_29,0.0014002277
Delta_wavelet_13_9,0.001390861
Delta_var_23,0.001369688
Alpha_wavelet_9_5,0.0013641951
Alpha_skew_4,0.0013593684
Theta_wavelet_21_5,0.0013565056
Alpha_pca_var_4,0.0013364137
Theta_var_13,0.0013287303
Beta_psd_mean_1,0.0013270131
Delta_var_13,0.0013249043
Delta_var_18,0.0012952357
Gamma_var_29,0.0012887621
Gamma_var_23,0.0012569914
Beta_wavelet_16_7,0.0012472264
Alpha_psd_mean_6,0.0012428389
Beta_var_11,0.0012330806
Theta_std_18,0.0012289088
Delta_wavelet_24_8,0.0012200603
Gamma_psd_mean_13,0.001210901
Beta_wavelet_0_7,0.0012075586
Alpha_wavelet_6_7,0.0011908518
Beta_wavelet_21_6,0.001175187
Gamma_var_19,0.0011646086
Gamma_wavelet_29_6,0.0011644129
Beta_wavelet_24_8,0.0011537297
Beta_wavelet_5_7,0.001151372
Theta_wavelet_24_5,0.0011441665
Beta_wavelet_26_6,0.0011389591
Alpha_wavelet_20_8,0.0011327417
Gamma_wavelet_29_9,0.0011222543
Theta_wavelet_24_7,0.0011187446
Beta_psd_mean_17,0.0010848729
Delta_pca_var_3,0.0010491319
Theta_psd_mean_14,0.0010371377
Gamma_wavelet_7_7,0.0010350463
Delta_psd_mean_6,0.0010313657
Delta_wavelet_18_7,0.0010200691
Alpha_std_21,0.0010198632
Delta_wavelet_7_6,0.0010186458
Gamma_wavelet_19_9,0.0010070135
Beta_wavelet_13_7,0.0010003923
Delta_skew_3,0.0009943581
Alpha_var_15,0.0009917188
Alpha_wavelet_13_8,0.0009767291
Gamma_psd_mean_2,0.00097478915
Beta_std_4,0.0009721556
Delta_var_3,0.0009653062
Beta_wavelet_20_8,0.0009570061
Beta_var_5,0.0009554876
Gamma_mean_0,0.0009493681
Delta_wavelet_9_6,0.00094818644
Beta_wavelet_13_5,0.0009479657
Theta_wavelet_5_6,0.0009329856
Theta_wavelet_16_7,0.0009322206
Theta_wavelet_0_5,0.0009229292
Gamma_skew_13,0.0009165208
Gamma_wavelet_20_8,0.0009066354
Delta_std_24,0.0009038122
Delta_skew_17,0.0008981857
Theta_var_23,0.0008914156
Gamma_std_7,0.00088835263
Delta_std_5,0.00088667887
Gamma_wavelet_18_9,0.00088360545
Alpha_wavelet_13_7,0.0008774675
Theta_wavelet_23_7,0.0008740461
Beta_std_29,0.00086897134
Theta_var_7,0.0008687417
Gamma_wavelet_2_9,0.00086758286
Theta_psd_mean_18,0.0008615414
Delta_psd_mean_22,0.000858975
Delta_wavelet_16_6,0.0008526567
Alpha_skew_7,0.0008463983
Theta_var_1,0.00084112224
Delta_std_18,0.0008410105
Beta_skew_24,0.00083770603
Theta_var_24,0.0008288332
Alpha_skew_27,0.0008280606
Beta_wavelet_17_8,0.0007999618
Theta_wavelet_18_6,0.0007965276
Theta_std_25,0.00078804645
Alpha_std_6,0.0007838049
Gamma_var_7,0.0007705443
Delta_std_4,0.00076716207
Alpha_var_13,0.00076476764
Theta_var_11,0.0007446217
Beta_var_1,0.00072982395
Gamma_psd_mean_14,0.00072905584
Gamma_wavelet_19_8,0.0007250652
Delta_psd_mean_24,0.00072205975
Gamma_wavelet_6_8,0.00072203984
Delta_psd_mean_20,0.0007201719
Delta_var_26,0.00070046313
Alpha_wavelet_4_7,0.0006950141
Delta_var_20,0.0006876243
Alpha_var_9,0.0006650407
Alpha_psd_mean_21,0.00065540534
Gamma_wavelet_7_6,0.0006540765
Alpha_wavelet_23_7,0.0006441173
Delta_skew_14,0.0006439433
Gamma_power_0,0.000642234
Beta_psd_mean_14,0.00064092135
Alpha_psd_mean_7,0.0006322097
Theta_wavelet_0_8,0.0006243227
Theta_pca_var_0,0.0006175074
Theta_std_4,0.00061265327
Gamma_wavelet_19_6,0.00061076303
Theta_std_22,0.00061003416
Alpha_wavelet_29_5,0.00060585357
Beta_wavelet_5_6,0.0006045721
Alpha_wavelet_7_7,0.00059956906
Beta_wavelet_1_7,0.00059864327
Theta_wavelet_2_3,0.0005919717
Delta_wavelet_13_8,0.0005907408
Theta_wavelet_11_6,0.0005877292
Alpha_wavelet_24_7,0.0005794487
Beta_wavelet_0_9,0.0005794157
Delta_var_6,0.0005778322
Delta_wavelet_10_6,0.00057278574
Theta_power_23,0.00057192286
Gamma_wavelet_9_9,0.00057003315
Alpha_wavelet_17_9,0.00056960917
Alpha_var_6,0.0005694742
Gamma_pca_var_3,0.00056759984
Delta_psd_mean_23,0.0005624383
Delta_mean_14,0.00056049315
Delta_power_16,0.0005598233
Alpha_wavelet_21_6,0.0005551951
Alpha_wavelet_6_5,0.00054603314
Gamma_wavelet_11_7,0.0005457322
Delta_mean_13,0.00054327445
Delta_wavelet_0_1,0.0005396944
Gamma_wavelet_0_5,0.00052937795
Beta_wavelet_17_7,0.00052785705
Beta_wavelet_27_9,0.00051997055
Gamma_var_15,0.0005197937
Alpha_var_7,0.00051369367
Delta_wavelet_22_6,0.000512863
Beta_var_0,0.0005089464
Delta_mean_17,0.0005039396
Gamma_wavelet_18_5,0.00049601606
Delta_wavelet_7_7,0.0004943612
Beta_var_17,0.0004933258
Theta_wavelet_5_7,0.00048750846
Alpha_wavelet_16_8,0.00048734303
Beta_wavelet_2_6,0.00048558385
Theta_var_14,0.00048312562
Alpha_wavelet_18_1,0.0004820397
Delta_wavelet_17_5,0.0004814547
Theta_psd_mean_6,0.00047407314
Beta_wavelet_7_6,0.00046771875
Delta_psd_mean_1,0.0004570837
Delta_std_12,0.00045403355
Alpha_std_16,0.00045385025
Delta_wavelet_11_7,0.00045113836
Delta_psd_mean_4,0.00044661635
Alpha_wavelet_29_6,0.00043885325
Alpha_wavelet_4_8,0.00043865066
Beta_wavelet_15_5,0.00043832394
Gamma_mean_16,0.00043475517
Alpha_psd_mean_24,0.0004344566
Theta_psd_mean_13,0.00043294663
Gamma_wavelet_11_2,0.00043284261
Beta_psd_mean_16,0.0004285398
Theta_var_18,0.0004241356
Delta_wavelet_13_7,0.00042335413
genre,0.00040812153
Theta_wavelet_7_6,0.00040591756
Delta_psd_mean_26,0.0004035731
Gamma_std_4,0.0003985696
Delta_wavelet_21_6,0.00039476698
Delta_std_16,0.00039340986
Delta_mean_2,0.0003918487
Beta_skew_4,0.00039070201
Delta_wavelet_15_6,0.00038607183
Theta_wavelet_9_0,0.0003838086
Gamma_ica_infomax_energy_0,0.00038172666
Beta_psd_mean_18,0.00038036017
Gamma_wavelet_27_7,0.0003746406
Beta_wavelet_17_9,0.0003706904
Delta_var_22,0.00036670142
Delta_wavelet_17_9,0.00036639386
Alpha_var_21,0.00036600212
Beta_wavelet_25_8,0.0003652991
Theta_var_16,0.00036213043
Alpha_wavelet_7_5,0.00036114617
Delta_wavelet_16_5,0.00036033752
Gamma_wavelet_1_9,0.00035953714
Delta_var_15,0.00035931187
Theta_wavelet_15_9,0.00035071812
Gamma_std_13,0.00035020057
Theta_var_9,0.00034951532
Theta_std_13,0.00034689633
Alpha_std_13,0.0003435663
Theta_wavelet_6_6,0.00033848936
Alpha_psd_mean_18,0.00033389725
Gamma_wavelet_13_7,0.00033271356
Delta_psd_mean_5,0.000330924
Delta_skew_9,0.00032983258
Delta_power_17,0.00032812092
Delta_wavelet_1_6,0.0003275386
Alpha_psd_mean_0,0.00032638782
Delta_mean_11,0.00032531828
Gamma_wavelet_15_7,0.0003215215
Alpha_std_7,0.00032100597
Theta_psd_mean_7,0.00031708213
Alpha_wavelet_17_2,0.0003133706
Alpha_psd_mean_23,0.00031334613
Beta_std_6,0.0003129753
Theta_std_26,0.00030633056
Gamma_wavelet_11_8,0.00030260807
Gamma_wavelet_17_7,0.00030012627
Theta_wavelet_3_6,0.00029799857
Beta_std_18,0.0002973991
Theta_wavelet_26_6,0.0002956664
Delta_wavelet_3_6,0.0002947482
Alpha_wavelet_26_5,0.00029445873
Alpha_wavelet_31_5,0.00029243092
Gamma_std_9,0.00029156217
Beta_wavelet_29_7,0.00029142882
Gamma_wavelet_17_8,0.0002903558
Theta_std_5,0.0002902917
Theta_wavelet_1_7,0.000289978
Gamma_var_9,0.00028922048
Theta_wavelet_3_4,0.00028827944
Alpha_wavelet_18_0,0.00028662116
Delta_wavelet_0_8,0.00028467784
Delta_pca_var_4,0.00028359675
Beta_wavelet_26_8,0.00028320364
Alpha_wavelet_18_7,0.00028298935
Theta_psd_mean_16,0.0002824582
Delta_pca_var_1,0.000281877
Delta_skew_4,0.0002806909
Delta_mean_23,0.00027992058
Gamma_wavelet_7_8,0.00027981855
Alpha_var_26,0.00027768998
Beta_var_9,0.0002716553
Beta_wavelet_29_2,0.00027148938
Gamma_std_5,0.00026430088
Theta_psd_mean_11,0.00026264717
Delta_wavelet_5_6,0.00025989272
Delta_wavelet_3_5,0.0002596366
Delta_power_4,0.00025309488
Gamma_wavelet_18_7,0.0002499492
Theta_psd_mean_4,0.00024807273
Delta_var_24,0.00024686163
Beta_wavelet_7_7,0.0002454977
Delta_wavelet_18_6,0.00024285365
Beta_wavelet_24_1,0.00024285131
Delta_var_8,0.00024236366
Delta_mean_12,0.00024195242
Theta_psd_mean_22,0.00024077605
Delta_wavelet_19_9,0.00024071719
Gamma_psd_mean_17,0.00023771462
Alpha_wavelet_1_6,0.00023756374
Gamma_wavelet_13_2,0.00023630496
Beta_wavelet_1_4,0.0002355088
Beta_wavelet_18_9,0.00023501858
Theta_var_6,0.00023359395
Alpha_var_24,0.00023174394
Gamma_wavelet_14_7,0.00023134022
Theta_std_11,0.00023111551
Theta_var_5,0.00022985182
Delta_psd_mean_3,0.0002220139
Beta_wavelet_1_9,0.00022073492
Gamma_wavelet_1_5,0.00021902955
Beta_skew_26,0.00021739486
Alpha_wavelet_16_6,0.00021397036
Beta_wavelet_6_6,0.00021327025
Beta_psd_mean_7,0.0002100323
Beta_wavelet_5_8,0.00020968675
Theta_var_8,0.00020330686
Theta_wavelet_17_9,0.0002012835
Alpha_psd_mean_29,0.0002000591
Beta_skew_23,0.00019934385
Beta_wavelet_4_6,0.00019743631
Theta_psd_mean_9,0.00019530939
Alpha_wavelet_18_6,0.00019189251
Gamma_wavelet_24_6,0.00018941441
Delta_wavelet_0_7,0.00018651536
Alpha_wavelet_20_6,0.00018454823
Beta_psd_mean_21,0.0001839555
Beta_wavelet_6_9,0.00018337954
Gamma_psd_mean_11,0.00018323722
Beta_wavelet_23_7,0.00018268244
Theta_std_6,0.00018238826
Delta_wavelet_29_7,0.00018226622
Alpha_std_25,0.00018181607
Delta_wavelet_20_7,0.00017922801
Delta_var_2,0.000176653
Alpha_pca_var_3,0.00017663158
Beta_wavelet_26_1,0.00017217093
Beta_pca_var_4,0.00017174415
Beta_wavelet_18_1,0.00017099184
Delta_skew_22,0.00016866303
Beta_wavelet_9_6,0.00016810514
Beta_skew_14,0.00016806863
Beta_skew_6,0.00016461531
Gamma_wavelet_16_1,0.0001640867
Theta_wavelet_17_1,0.00016345696
Delta_var_1,0.0001631799
Theta_wavelet_20_8,0.00016290227
Theta_var_3,0.00016283548
Gamma_wavelet_24_8,0.0001623262
Theta_wavelet_15_5,0.00016163575
Theta_pca_var_3,0.000160115
Alpha_wavelet_22_6,0.00015974931
Alpha_psd_mean_14,0.00015942218
Delta_wavelet_3_2,0.00015900464
Alpha_wavelet_13_5,0.00015871094
Gamma_wavelet_23_2,0.00015850765
Theta_wavelet_4_7,0.00015766155
Alpha_wavelet_20_5,0.00015754721
Theta_wavelet_6_5,0.00015736157
Delta_psd_mean_11,0.00015690437
Gamma_wavelet_5_6,0.0001566874
Gamma_wavelet_4_8,0.00015615748
Beta_wavelet_15_6,0.00015542455
Beta_wavelet_14_9,0.00015515546
Theta_skew_22,0.00015453211
Theta_wavelet_13_8,0.00015446988
Delta_mean_3,0.00015398116
Alpha_skew_28,0.00015369972
Alpha_psd_mean_1,0.00015367808
Delta_wavelet_23_6,0.00015206294
Alpha_ica_infomax_energy_4,0.00015057136
Gamma_mean_19,0.00014932346
Beta_wavelet_18_8,0.00014845784
Alpha_mean_24,0.00014830138
Beta_skew_9,0.00014798615
Gamma_skew_4,0.00014796722
Alpha_wavelet_16_5,0.00014606344
Delta_wavelet_23_7,0.00014469118
Delta_wavelet_26_6,0.0001408637
Theta_wavelet_17_7,0.00013963446
Delta_wavelet_23_8,0.0001381005
Delta_wavelet_14_9,0.00013738565
Delta_wavelet_6_6,0.00013731427
Gamma_wavelet_27_5,0.00013679637
Alpha_power_26,0.00013678533
Theta_power_4,0.00013601474
Alpha_wavelet_4_6,0.00013502366
Delta_mean_21,0.000134154
Theta_wavelet_6_9,0.00013348402
Theta_std_23,0.00013321055
Alpha_skew_6,0.00013281549
Delta_wavelet_17_8,0.00013178296
Alpha_mean_2,0.00013156212
Theta_wavelet_23_6,0.00013054878
Gamma_wavelet_2_6,0.00013038468
Beta_var_22,0.00012920641
Alpha_skew_19,0.00012902255
Gamma_wavelet_26_8,0.00012778335
Theta_wavelet_7_7,0.0001277261
Delta_var_14,0.00012743621
Gamma_var_18,0.00012737139
Theta_std_29,0.00012690468
Theta_wavelet_12_9,0.0001259986
Gamma_skew_14,0.00012596173
Alpha_wavelet_21_7,0.00012575928
Delta_wavelet_16_7,0.00012559755
Delta_psd_mean_13,0.0001254138
Gamma_wavelet_1_2,0.000124332
Gamma_psd_mean_20,0.00012384074
Alpha_wavelet_29_8,0.00012374735
Delta_var_9,0.00012354435
Beta_mean_24,0.00012317213
Alpha_wavelet_15_8,0.00012285131
Theta_wavelet_23_8,0.0001222772
Theta_psd_mean_15,0.00012218113
Alpha_wavelet_24_5,0.00012213424
Delta_mean_10,0.00012209408
Beta_wavelet_20_3,0.00012147703
Delta_var_19,0.00012131978
Alpha_wavelet_6_6,0.0001200371
Gamma_wavelet_3_5,0.0001198792
Beta_wavelet_15_3,0.0001192455
Alpha_wavelet_29_7,0.00011886975
Beta_wavelet_25_4,0.00011735254
Theta_wavelet_0_6,0.000116968164
Beta_wavelet_24_6,0.00011680527
Gamma_mean_18,0.00011635784
Delta_wavelet_24_6,0.000116020004
Beta_ica_infomax_energy_0,0.0001154864
Delta_var_25,0.0001148138
Alpha_wavelet_4_5,0.00011402258
Delta_psd_mean_25,0.000113554204
Theta_wavelet_29_6,0.00011329162
Beta_var_6,0.00011308886
Delta_skew_5,0.00011171525
Delta_power_5,0.00011026294
Gamma_pca_var_4,0.00010977246
Gamma_wavelet_5_9,0.000108825625
Delta_skew_11,0.00010815069
Delta_skew_20,0.000108138396
Alpha_wavelet_12_6,0.000107981425
Beta_wavelet_22_7,0.00010782258
Gamma_mean_7,0.00010751609
Beta_wavelet_22_6,0.0001072693
Alpha_wavelet_23_8,0.000106617634
Alpha_var_25,0.000105589024
Beta_psd_mean_4,0.000105091305
Alpha_skew_31,0.00010505841
Alpha_wavelet_0_5,0.00010497691
Beta_var_29,0.000104606144
Alpha_wavelet_23_6,0.000104378836
Alpha_wavelet_0_6,0.000104363055
Beta_wavelet_6_8,0.00010408448
Gamma_wavelet_1_7,0.00010367944
Beta_wavelet_14_8,0.000103584476
Alpha_power_18,0.00010325052
Alpha_wavelet_18_8,0.00010317752
Alpha_psd_mean_13,0.000102336424
Theta_std_24,0.00010215141
Delta_wavelet_7_8,0.00010211178
Gamma_wavelet_11_6,0.000102065394
Theta_wavelet_24_9,0.000100578545
Beta_psd_mean_9,0.000100417725
Alpha_var_11,9.978274e-05
Delta_var_12,9.8910736e-05
Delta_wavelet_14_8,9.684585e-05
Theta_wavelet_20_5,9.66283e-05
Gamma_wavelet_29_8,9.628797e-05
Delta_wavelet_11_6,9.609953e-05
Gamma_wavelet_1_6,9.585111e-05
Gamma_psd_mean_5,9.58477e-05
Theta_wavelet_31_5,9.5716045e-05
Alpha_var_20,9.547048e-05
Delta_var_0,9.532184e-05
Delta_var_10,9.527553e-05
Alpha_wavelet_13_6,9.522975e-05
Gamma_var_22,9.350014e-05
Delta_wavelet_7_5,9.238555e-05
Theta_wavelet_18_2,9.22424e-05
Delta_power_11,9.214717e-05
Theta_wavelet_28_5,9.1729045e-05
Alpha_psd_mean_9,9.1575996e-05
Beta_wavelet_7_9,9.153449e-05
Delta_wavelet_19_2,9.119757e-05
Alpha_wavelet_1_5,9.107056e-05
Gamma_wavelet_3_9,9.1048445e-05
Theta_wavelet_14_8,9.078075e-05
Beta_pca_var_1,8.9806876e-05
Gamma_skew_2,8.918303e-05
Delta_std_25,8.9168185e-05
Delta_skew_23,8.914218e-05
Gamma_psd_mean_7,8.9117646e-05
Delta_wavelet_12_6,8.90632e-05
Delta_wavelet_7_0,8.753694e-05
Beta_psd_mean_24,8.738329e-05
Delta_power_7,8.631431e-05
Gamma_wavelet_14_5,8.577816e-05
Alpha_wavelet_7_6,8.5623484e-05
Beta_wavelet_3_5,8.537977e-05
Theta_var_28,8.51354e-05
Alpha_psd_mean_26,8.416169e-05
Gamma_wavelet_4_6,8.351581e-05
Delta_wavelet_9_5,8.267593e-05
Beta_skew_18,8.190958e-05
Delta_std_20,8.174206e-05
Beta_wavelet_1_6,8.0925114e-05
Theta_wavelet_3_5,8.086124e-05
Gamma_wavelet_16_5,8.027255e-05
Beta_skew_27,7.898712e-05
Delta_mean_4,7.8361016e-05
Gamma_wavelet_15_9,7.817376e-05
Theta_wavelet_2_7,7.809647e-05
Alpha_mean_7,7.750973e-05
Beta_wavelet_20_1,7.736505e-05
Delta_wavelet_17_2,7.609974e-05
Delta_wavelet_0_9,7.447618e-05
Gamma_skew_22,7.4450705e-05
Theta_wavelet_13_6,7.383122e-05
Gamma_wavelet_24_5,7.3807925e-05
Beta_skew_10,7.363639e-05
Gamma_wavelet_21_9,7.354268e-05
Beta_wavelet_16_5,7.315132e-05
Theta_psd_mean_12,7.29108e-05
Alpha_wavelet_12_5,7.2902265e-05
Theta_power_0,7.22685e-05
Delta_power_3,7.223997e-05
Alpha_psd_mean_22,7.144629e-05
Beta_wavelet_9_8,7.1437746e-05
Alpha_wavelet_14_5,7.122046e-05
Theta_skew_19,7.0979055e-05
Delta_psd_mean_0,7.0725946e-05
Gamma_skew_23,7.047728e-05
Delta_wavelet_21_8,7.043669e-05
Delta_psd_mean_9,6.941898e-05
Theta_wavelet_5_9,6.926953e-05
Gamma_wavelet_5_7,6.923986e-05
Gamma_wavelet_18_1,6.898389e-05
Beta_wavelet_7_1,6.875018e-05
Alpha_wavelet_0_8,6.798635e-05
Beta_wavelet_14_6,6.777147e-05
Beta_wavelet_24_5,6.701167e-05
Gamma_psd_mean_15,6.683937e-05
Beta_wavelet_1_5,6.50027e-05
Alpha_pca_var_0,6.494767e-05
Gamma_psd_mean_23,6.48785e-05
Gamma_wavelet_12_6,6.4821324e-05
Alpha_wavelet_20_4,6.460171e-05
Alpha_psd_mean_11,6.396423e-05
Theta_wavelet_6_7,6.390365e-05
Delta_wavelet_4_7,6.312463e-05
Beta_wavelet_11_5,6.138642e-05
Theta_wavelet_21_6,6.1256935e-05
Delta_mean_0,6.105495e-05
Beta_wavelet_7_4,6.1008286e-05
Alpha_wavelet_19_8,6.0655384e-05
Theta_wavelet_14_6,5.9939113e-05
Gamma_skew_12,5.9744358e-05
Gamma_mean_3,5.9063637e-05
Delta_power_18,5.889857e-05
Beta_var_26,5.8728434e-05
Alpha_wavelet_3_3,5.864178e-05
Beta_psd_mean_6,5.7786823e-05
Theta_wavelet_9_7,5.777607e-05
Theta_wavelet_26_8,5.7535643e-05
Delta_power_23,5.7432826e-05
Beta_wavelet_22_3,5.7158904e-05
Beta_wavelet_31_1,5.699524e-05
Gamma_wavelet_16_9,5.6188626e-05
Delta_wavelet_4_6,5.5273664e-05
Alpha_wavelet_1_9,5.52571e-05
Gamma_psd_mean_3,5.4688648e-05
Theta_wavelet_25_6,5.3947042e-05
Gamma_wavelet_25_0,5.362777e-05
Alpha_wavelet_12_9,5.3565735e-05
Gamma_wavelet_9_8,5.351463e-05
Beta_wavelet_0_5,5.3125186e-05
Delta_wavelet_20_9,5.2859905e-05
Gamma_skew_29,5.221214e-05
Theta_wavelet_11_7,5.2187763e-05
Beta_skew_15,5.1830917e-05
Theta_wavelet_26_5,5.111959e-05
Alpha_wavelet_8_2,5.111542e-05
Beta_wavelet_14_1,5.021576e-05
Gamma_wavelet_3_6,4.9387236e-05
Delta_wavelet_5_9,4.9385748e-05
Theta_wavelet_9_8,4.9384576e-05
Theta_wavelet_12_6,4.928526e-05
Gamma_wavelet_1_8,4.8922324e-05
Delta_std_23,4.878091e-05
Theta_psd_mean_24,4.869306e-05
Theta_var_31,4.8626698e-05
Beta_wavelet_30_9,4.8468188e-05
Gamma_wavelet_22_1,4.803612e-05
Beta_wavelet_24_9,4.7621153e-05
Alpha_wavelet_14_9,4.738372e-05
Delta_wavelet_13_6,4.7355927e-05
Gamma_wavelet_2_7,4.720959e-05
Theta_var_15,4.7199755e-05
Theta_wavelet_13_9,4.6820787e-05
Alpha_std_18,4.6796187e-05
Alpha_wavelet_24_6,4.6793688e-05
Gamma_skew_1,4.671417e-05
Alpha_wavelet_5_2,4.5731962e-05
Theta_wavelet_18_8,4.5392808e-05
Gamma_wavelet_20_5,4.527255e-05
Theta_wavelet_15_7,4.515738e-05
Theta_std_3,4.4743036e-05
Delta_power_15,4.4449793e-05
Gamma_wavelet_22_4,4.3680564e-05
Theta_wavelet_11_8,4.3280153e-05
Gamma_wavelet_25_8,4.3139622e-05
Gamma_wavelet_18_6,4.3128235e-05
Gamma_wavelet_19_5,4.293132e-05
Gamma_psd_mean_9,4.2914926e-05
Alpha_wavelet_15_6,4.277952e-05
Alpha_wavelet_14_7,4.2733478e-05
Gamma_var_17,4.263981e-05
Gamma_wavelet_22_8,4.1362113e-05
Delta_wavelet_24_3,4.1300686e-05
Theta_mean_26,4.1225856e-05
Delta_wavelet_16_8,4.1091447e-05
Delta_wavelet_8_1,4.1008778e-05
Gamma_wavelet_15_6,4.034291e-05
Theta_wavelet_9_5,4.0266215e-05
Alpha_wavelet_0_2,4.0003575e-05
Delta_wavelet_31_6,3.927748e-05
Delta_wavelet_14_6,3.86179e-05
Alpha_wavelet_2_5,3.8571154e-05
Alpha_wavelet_0_0,3.8523478e-05
Alpha_wavelet_11_7,3.819977e-05
Delta_skew_25,3.8072158e-05
Alpha_mean_5,3.8001876e-05
Gamma_wavelet_24_7,3.736216e-05
Alpha_mean_6,3.6849353e-05
Beta_var_10,3.6841102e-05
Alpha_wavelet_20_1,3.6643636e-05
Beta_wavelet_13_6,3.6623136e-05
Delta_wavelet_6_9,3.6464862e-05
Delta_wavelet_2_8,3.6384186e-05
Gamma_pca_var_1,3.6165246e-05
Beta_var_21,3.615952e-05
Theta_psd_mean_3,3.5815636e-05
Gamma_wavelet_12_8,3.5738158e-05
Delta_wavelet_24_9,3.561862e-05
Beta_wavelet_5_9,3.555932e-05
Beta_wavelet_12_5,3.5493675e-05
Gamma_wavelet_14_6,3.541623e-05
Delta_wavelet_12_4,3.541379e-05
Alpha_wavelet_17_5,3.5360266e-05
Theta_wavelet_11_5,3.5125093e-05
Delta_wavelet_2_9,3.4912744e-05
Gamma_wavelet_30_6,3.464768e-05
Gamma_wavelet_23_4,3.426128e-05
Beta_wavelet_23_8,3.419607e-05
Theta_psd_mean_0,3.409682e-05
Beta_std_11,3.3980454e-05
Delta_wavelet_22_7,3.396777e-05
Gamma_psd_mean_21,3.388242e-05
Alpha_wavelet_15_5,3.3641332e-05
Delta_wavelet_9_1,3.3267283e-05
Gamma_wavelet_0_6,3.271621e-05
Gamma_wavelet_7_4,3.2245764e-05
Gamma_wavelet_26_1,3.1836193e-05
Alpha_wavelet_14_8,3.1695523e-05
Gamma_wavelet_26_3,3.1113297e-05
Delta_mean_7,3.1013922e-05
Gamma_wavelet_29_1,3.0992836e-05
Beta_var_23,3.0433312e-05
Beta_wavelet_15_8,3.0303398e-05
Beta_wavelet_20_6,3.0083234e-05
Delta_wavelet_10_9,2.9945753e-05
Alpha_wavelet_5_5,2.906498e-05
Theta_psd_mean_5,2.896377e-05
Beta_psd_mean_26,2.895972e-05
Alpha_mean_17,2.8928742e-05
Alpha_psd_mean_12,2.843198e-05
Theta_wavelet_25_8,2.8368368e-05
Gamma_wavelet_11_9,2.8362863e-05
Gamma_wavelet_15_5,2.835535e-05
Beta_std_13,2.8131497e-05
Alpha_ica_infomax_energy_0,2.7961512e-05
Beta_wavelet_19_3,2.7610156e-05
Delta_psd_mean_31,2.7412809e-05
Alpha_wavelet_24_8,2.6941378e-05
Delta_wavelet_16_9,2.688237e-05
Alpha_wavelet_11_8,2.6702193e-05
Theta_wavelet_28_7,2.6179758e-05
Alpha_mean_11,2.5986144e-05
Gamma_wavelet_13_8,2.5617745e-05
Beta_ica_infomax_energy_1,2.5585125e-05
Gamma_wavelet_16_7,2.408875e-05
Theta_wavelet_5_5,2.4084256e-05
Theta_psd_mean_28,2.3855222e-05
Theta_mean_25,2.3738548e-05
Alpha_skew_26,2.3709757e-05
Delta_wavelet_5_7,2.3231172e-05
Delta_skew_7,2.316544e-05
Gamma_wavelet_18_3,2.309264e-05
Gamma_wavelet_18_4,2.3058617e-05
Beta_psd_mean_23,2.3057368e-05
Beta_wavelet_0_6,2.2850432e-05
Gamma_wavelet_16_4,2.2839427e-05
Gamma_wavelet_23_5,2.1883861e-05
Delta_wavelet_12_2,2.1829326e-05
Delta_wavelet_1_8,2.167126e-05
Delta_wavelet_24_1,2.1250546e-05
Delta_wavelet_0_2,2.1177479e-05
Gamma_wavelet_9_7,2.1170614e-05
Delta_pca_var_2,2.1092408e-05
Gamma_wavelet_17_6,2.0763093e-05
Theta_wavelet_22_5,2.0698177e-05
Alpha_skew_24,2.0497002e-05
Delta_wavelet_9_8,2.001103e-05
Theta_wavelet_31_6,1.9976187e-05
Delta_wavelet_22_8,1.9968855e-05
Gamma_wavelet_11_5,1.9858237e-05
Beta_wavelet_21_5,1.9680536e-05
Delta_skew_26,1.9670095e-05
Beta_wavelet_17_1,1.9568975e-05
Delta_std_2,1.9204665e-05
Delta_wavelet_6_1,1.8714958e-05
Alpha_wavelet_17_4,1.8246981e-05
Delta_wavelet_7_1,1.819917e-05
Delta_mean_22,1.8050241e-05
Alpha_mean_1,1.7973223e-05
Alpha_wavelet_8_9,1.7890177e-05
Delta_wavelet_29_4,1.7405744e-05
Theta_wavelet_16_9,1.6820046e-05
Theta_wavelet_24_8,1.6533222e-05
Alpha_wavelet_13_9,1.6281167e-05
Beta_wavelet_7_5,1.6247317e-05
Gamma_skew_6,1.6244869e-05
Theta_wavelet_25_7,1.6046532e-05
Delta_wavelet_13_5,1.5972093e-05
Delta_power_10,1.5888594e-05
Alpha_wavelet_15_9,1.575155e-05
Gamma_var_25,1.5745001e-05
Gamma_wavelet_6_4,1.5676906e-05
Gamma_wavelet_21_5,1.5559459e-05
Alpha_wavelet_20_9,1.5494586e-05
Beta_wavelet_21_7,1.5403199e-05
Alpha_wavelet_7_9,1.4638614e-05
Alpha_wavelet_5_6,1.4522302e-05
Theta_power_17,1.4414014e-05
Delta_ica_infomax_energy_1,1.3871223e-05
Theta_psd_mean_26,1.3702096e-05
Gamma_skew_21,1.3626402e-05
Alpha_wavelet_21_8,1.3592681e-05
Gamma_wavelet_6_5,1.3494379e-05
Beta_wavelet_25_5,1.3452244e-05
Theta_var_29,1.3305558e-05
Delta_skew_16,1.2848907e-05
Beta_wavelet_17_0,1.27665935e-05
Delta_ica_infomax_energy_0,1.2171371e-05
Delta_wavelet_14_7,1.2115196e-05
Alpha_wavelet_22_2,1.1993116e-05
Delta_wavelet_11_9,1.1985225e-05
Alpha_wavelet_3_5,1.1795959e-05
Beta_wavelet_28_7,1.1794213e-05
Theta_ica_infomax_energy_4,1.1496702e-05
Gamma_wavelet_8_1,1.1335504e-05
Gamma_wavelet_26_6,1.128654e-05
Gamma_wavelet_3_2,1.122613e-05
Gamma_skew_26,1.11384e-05
Alpha_wavelet_21_0,1.0949843e-05
Theta_psd_mean_30,1.08828735e-05
Gamma_wavelet_15_4,1.060226e-05
Alpha_skew_13,1.0503361e-05
Alpha_psd_mean_25,1.0451018e-05
Theta_skew_15,1.0163765e-05
Theta_wavelet_18_0,1.0153452e-05
Theta_wavelet_30_6,1.0007712e-05
Gamma_psd_mean_22,9.512912e-06
Delta_skew_1,9.331389e-06
Delta_wavelet_15_9,9.238832e-06
Theta_wavelet_25_9,9.001915e-06
Gamma_wavelet_9_6,8.440459e-06
Beta_wavelet_21_8,8.399643e-06
Alpha_wavelet_0_4,8.352673e-06
Theta_wavelet_1_1,7.943183e-06
Gamma_ica_infomax_energy_1,7.855607e-06
Delta_wavelet_30_7,7.7676195e-06
Delta_psd_mean_19,7.7584655e-06
Delta_wavelet_0_3,7.719582e-06
Theta_wavelet_23_0,7.2540165e-06
Delta_std_14,7.1852774e-06
Gamma_skew_25,6.9472762e-06
Theta_skew_17,6.799474e-06
Alpha_wavelet_22_1,6.167262e-06
Beta_wavelet_26_2,5.792718e-06
Delta_mean_20,5.4871725e-06
Delta_wavelet_28_9,5.3390095e-06
Gamma_psd_mean_12,4.9118094e-06
Theta_skew_16,4.755695e-06
Alpha_wavelet_12_2,4.558364e-06
Alpha_skew_15,4.533073e-06
Theta_wavelet_13_1,4.3937234e-06
Gamma_wavelet_14_8,4.233929e-06
Beta_wavelet_3_7,3.6879258e-06
Gamma_wavelet_5_5,3.5696298e-06
Theta_wavelet_18_7,3.3839244e-06
Alpha_wavelet_2_7,3.3399353e-06
Delta_wavelet_24_4,3.29944e-06
Gamma_wavelet_0_1,3.1735703e-06
Delta_wavelet_2_3,2.796051e-06
Beta_wavelet_25_2,2.6818348e-06
Beta_wavelet_22_8,2.6562507e-06
Beta_mean_20,2.613986e-06
Beta_wavelet_14_7,2.4840347e-06
Beta_skew_17,2.3633845e-06
Theta_skew_13,2.2696358e-06
Delta_wavelet_0_6,2.2064642e-06
Beta_wavelet_11_6,1.9248687e-06
Gamma_wavelet_2_8,1.8908767e-06
Alpha_skew_20,1.7154275e-06
Theta_mean_17,1.5703075e-06
Beta_wavelet_25_1,1.3902938e-06
Alpha_psd_mean_4,1.2961619e-06
Theta_wavelet_10_9,1.1949521e-06
Delta_wavelet_26_7,1.0916121e-06
Theta_wavelet_2_8,9.644997e-07
Gamma_mean_8,8.9813574e-07
Beta_wavelet_13_2,7.779857e-07
Beta_wavelet_23_6,7.032392e-07
Theta_wavelet_15_8,5.8002354e-07
Gamma_psd_mean_16,5.45699e-07
Theta_wavelet_6_8,3.181995e-07
Beta_ica_infomax_energy_4,2.7493456e-07
Gamma_ica_infomax_energy_2,3.220005e-08
Gamma_std_26,0.0
Gamma_power_2,0.0
Gamma_skew_0,0.0
Gamma_power_1,0.0
Gamma_power_3,0.0
Beta_wavelet_31_7,0.0
Gamma_power_5,0.0
Gamma_power_6,0.0
Gamma_power_7,0.0
Gamma_power_8,0.0
Gamma_power_9,0.0
Gamma_power_10,0.0
Gamma_power_11,0.0
Gamma_power_13,0.0
Gamma_power_4,0.0
Gamma_skew_3,0.0
Gamma_mean_29,0.0
Gamma_mean_28,0.0
Gamma_skew_5,0.0
Gamma_mean_27,0.0
Gamma_skew_8,0.0
Beta_wavelet_31_9,0.0
Gamma_skew_9,0.0
Gamma_mean_30,0.0
Gamma_skew_18,0.0
Gamma_skew_11,0.0
Gamma_std_25,0.0
Gamma_skew_15,0.0
Gamma_skew_16,0.0
Gamma_skew_17,0.0
Gamma_skew_19,0.0
Gamma_skew_20,0.0
Gamma_skew_24,0.0
Beta_wavelet_31_8,0.0
Gamma_skew_10,0.0
Beta_wavelet_21_0,0.0
Gamma_wavelet_31_2,0.0
Gamma_wavelet_31_3,0.0
Gamma_wavelet_31_4,0.0
Gamma_wavelet_31_5,0.0
Gamma_wavelet_31_6,0.0
Gamma_wavelet_31_7,0.0
Beta_wavelet_20_5,0.0
Gamma_wavelet_31_8,0.0
Gamma_power_12,0.0
Beta_wavelet_20_2,0.0
Beta_wavelet_20_0,0.0
Delta_mean_18,0.0
Beta_wavelet_19_8,0.0
Delta_mean_19,0.0
Beta_wavelet_19_7,0.0
Beta_wavelet_19_6,0.0
Beta_wavelet_19_5,0.0
Beta_wavelet_19_4,0.0
Beta_wavelet_19_2,0.0
Beta_wavelet_20_4,0.0
Beta_wavelet_24_0,0.0
Gamma_wavelet_30_8,0.0
Beta_wavelet_23_9,0.0
Beta_wavelet_23_5,0.0
Beta_wavelet_23_4,0.0
Beta_wavelet_23_3,0.0
Beta_wavelet_23_2,0.0
Beta_wavelet_23_1,0.0
Beta_wavelet_23_0,0.0
Beta_wavelet_22_9,0.0
Gamma_wavelet_31_1,0.0
Beta_wavelet_22_4,0.0
Beta_wavelet_22_2,0.0
Beta_wavelet_22_1,0.0
Beta_wavelet_22_0,0.0
Gamma_wavelet_30_9,0.0
Beta_wavelet_21_4,0.0
Beta_wavelet_21_3,0.0
Beta_wavelet_21_2,0.0
Beta_wavelet_21_1,0.0
Gamma_wavelet_31_0,0.0
Beta_wavelet_22_5,0.0
Beta_wavelet_15_4,0.0
Beta_wavelet_15_2,0.0
Beta_wavelet_15_1,0.0
Beta_wavelet_15_0,0.0
Beta_wavelet_14_5,0.0
Beta_wavelet_14_4,0.0
Beta_wavelet_14_3,0.0
Beta_wavelet_14_2,0.0
Beta_wavelet_14_0,0.0
Beta_wavelet_19_1,0.0
Beta_wavelet_13_4,0.0
Beta_wavelet_13_3,0.0
Beta_wavelet_13_1,0.0
Beta_wavelet_13_0,0.0
Beta_wavelet_12_9,0.0
Beta_wavelet_12_7,0.0
Beta_wavelet_12_6,0.0
Beta_wavelet_12_4,0.0
Beta_wavelet_12_2,0.0
Beta_wavelet_12_3,0.0
Delta_mean_1,0.0
Beta_wavelet_19_0,0.0
Delta_mean_24,0.0
Delta_mean_26,0.0
Beta_wavelet_18_6,0.0
Beta_wavelet_18_5,0.0
Beta_wavelet_18_4,0.0
Beta_wavelet_18_3,0.0
Beta_wavelet_18_2,0.0
Beta_wavelet_18_0,0.0
Beta_wavelet_17_5,0.0
Beta_wavelet_15_7,0.0
Beta_wavelet_17_3,0.0
Beta_wavelet_17_2,0.0
Beta_wavelet_16_9,0.0
Beta_wavelet_16_8,0.0
Beta_wavelet_16_4,0.0
Beta_wavelet_16_3,0.0
Beta_wavelet_16_2,0.0
Beta_wavelet_16_1,0.0
Beta_wavelet_16_0,0.0
Beta_wavelet_15_9,0.0
Beta_wavelet_17_4,0.0
Gamma_var_26,0.0
Gamma_std_29,0.0
Gamma_std_30,0.0
Gamma_std_31,0.0
Gamma_var_16,0.0
Gamma_skew_27,0.0
Gamma_var_14,0.0
Gamma_wavelet_28_8,0.0
Gamma_wavelet_28_9,0.0
Beta_wavelet_24_2,0.0
Gamma_var_8,0.0
Gamma_wavelet_29_0,0.0
Gamma_wavelet_29_2,0.0
Gamma_var_3,0.0
Gamma_wavelet_29_3,0.0
Gamma_var_2,0.0
Gamma_var_1,0.0
Gamma_mean_26,0.0
Gamma_mean_25,0.0
Gamma_mean_24,0.0
Gamma_var_10,0.0
Gamma_std_22,0.0
Gamma_std_21,0.0
Gamma_mean_31,0.0
Gamma_std_19,0.0
Gamma_std_18,0.0
Gamma_std_17,0.0
Gamma_std_16,0.0
Gamma_var_27,0.0
Gamma_std_15,0.0
Gamma_std_14,0.0
Gamma_std_28,0.0
Gamma_std_11,0.0
Gamma_var_28,0.0
Gamma_std_10,0.0
Gamma_std_8,0.0
Gamma_var_30,0.0
Gamma_var_31,0.0
Gamma_std_27,0.0
Gamma_std_3,0.0
Gamma_std_2,0.0
Gamma_std_1,0.0
Gamma_std_12,0.0
Gamma_wavelet_30_1,0.0
Gamma_wavelet_30_2,0.0
Beta_pca_var_2,0.0
Beta_pca_var_0,0.0
Beta_wavelet_26_9,0.0
Gamma_wavelet_30_3,0.0
Beta_wavelet_26_7,0.0
Gamma_wavelet_30_4,0.0
Beta_wavelet_26_5,0.0
Gamma_mean_23,0.0
Beta_wavelet_26_3,0.0
Beta_wavelet_26_0,0.0
Beta_wavelet_25_9,0.0
Gamma_wavelet_30_5,0.0
Beta_wavelet_25_6,0.0
Beta_wavelet_25_3,0.0
Beta_wavelet_25_0,0.0
Gamma_wavelet_30_7,0.0
Beta_wavelet_24_4,0.0
Beta_wavelet_24_3,0.0
Beta_wavelet_26_4,0.0
Gamma_mean_22,0.0
Gamma_mean_21,0.0
Gamma_mean_20,0.0
Gamma_mean_17,0.0
Gamma_wavelet_29_4,0.0
Gamma_mean_15,0.0
Gamma_mean_14,0.0
Gamma_mean_13,0.0
Gamma_mean_12,0.0
Gamma_mean_11,0.0
Beta_ica_infomax_energy_2,0.0
Gamma_mean_9,0.0
Gamma_mean_6,0.0
Gamma_mean_5,0.0
Gamma_mean_4,0.0
Gamma_mean_2,0.0
Delta_mean_25,0.0
Gamma_mean_1,0.0
Gamma_wavelet_29_7,0.0
Gamma_wavelet_30_0,0.0
Beta_ica_infomax_energy_3,0.0
Gamma_mean_10,0.0
Delta_wavelet_29_9,0.0
Delta_wavelet_29_8,0.0
Alpha_wavelet_30_4,0.0
Delta_wavelet_29_6,0.0
Delta_wavelet_29_5,0.0
Alpha_wavelet_30_5,0.0
Delta_wavelet_29_3,0.0
Delta_wavelet_29_2,0.0
Delta_wavelet_29_1,0.0
Delta_wavelet_29_0,0.0
Delta_wavelet_28_8,0.0
Delta_wavelet_28_7,0.0
Delta_wavelet_28_6,0.0
Gamma_wavelet_8_4,0.0
Alpha_wavelet_30_7,0.0
Alpha_wavelet_30_8,0.0
Alpha_wavelet_30_9,0.0
Delta_wavelet_28_5,0.0
Alpha_wavelet_31_0,0.0
Delta_wavelet_28_4,0.0
Alpha_wavelet_31_1,0.0
Alpha_wavelet_31_2,0.0
Delta_wavelet_28_3,0.0
Delta_wavelet_28_2,0.0
Delta_wavelet_28_1,0.0
Delta_wavelet_28_0,0.0
Delta_wavelet_27_9,0.0
Alpha_wavelet_30_6,0.0
Alpha_wavelet_30_2,0.0
Theta_std_27,0.0
Theta_var_30,0.0
Theta_var_27,0.0
Theta_mean_31,0.0
Alpha_wavelet_30_3,0.0
Theta_mean_30,0.0
Theta_mean_29,0.0
Theta_mean_28,0.0
Theta_mean_27,0.0
Delta_wavelet_31_9,0.0
Delta_wavelet_31_8,0.0
Delta_wavelet_31_7,0.0
Delta_wavelet_30_0,0.0
Delta_wavelet_31_4,0.0
Delta_wavelet_31_3,0.0
Delta_wavelet_31_2,0.0
Delta_wavelet_31_1,0.0
Delta_wavelet_31_0,0.0
Delta_wavelet_30_9,0.0
Delta_wavelet_30_8,0.0
Delta_wavelet_30_6,0.0
Delta_wavelet_30_5,0.0
Delta_wavelet_30_4,0.0
Delta_wavelet_30_3,0.0
Delta_wavelet_30_2,0.0
Delta_wavelet_30_1,0.0
Delta_wavelet_31_5,0.0
Delta_std_27,0.0
Delta_var_31,0.0
Delta_var_30,0.0
Delta_var_29,0.0
Delta_var_28,0.0
Delta_var_27,0.0
Delta_mean_31,0.0
Alpha_wavelet_31_6,0.0
Alpha_wavelet_31_7,0.0
Delta_mean_30,0.0
Delta_mean_29,0.0
Delta_mean_28,0.0
Delta_mean_27,0.0
Alpha_wavelet_31_3,0.0
Gamma_ica_infomax_energy_3,0.0
Alpha_wavelet_31_8,0.0
Gamma_pca_var_2,0.0
Alpha_wavelet_31_9,0.0
Beta_mean_27,0.0
Gamma_wavelet_26_7,0.0
Gamma_wavelet_26_5,0.0
Gamma_wavelet_26_4,0.0
Gamma_wavelet_26_2,0.0
Gamma_wavelet_26_0,0.0
Gamma_wavelet_25_9,0.0
Beta_mean_28,0.0
Gamma_wavelet_25_6,0.0
Gamma_ica_infomax_energy_4,0.0
Alpha_wavelet_31_4,0.0
Delta_wavelet_27_8,0.0
Delta_wavelet_27_7,0.0
Delta_wavelet_27_6,0.0
Delta_wavelet_27_5,0.0
Delta_wavelet_27_4,0.0
Delta_wavelet_27_3,0.0
Delta_wavelet_27_2,0.0
Delta_wavelet_27_1,0.0
Delta_wavelet_27_0,0.0
Delta_psd_mean_30,0.0
Delta_psd_mean_29,0.0
Delta_psd_mean_28,0.0
Delta_std_28,0.0
Delta_power_31,0.0
Delta_power_30,0.0
Delta_power_29,0.0
Delta_power_28,0.0
Delta_power_27,0.0
Delta_skew_31,0.0
Delta_skew_30,0.0
Delta_skew_29,0.0
Delta_skew_28,0.0
Delta_skew_27,0.0
Delta_std_31,0.0
Delta_std_30,0.0
Delta_std_29,0.0
Delta_psd_mean_27,0.0
Alpha_std_28,0.0
Alpha_std_27,0.0
Alpha_var_31,0.0
Alpha_var_30,0.0
Alpha_var_29,0.0
Alpha_var_28,0.0
Alpha_wavelet_28_5,0.0
Alpha_var_27,0.0
Alpha_mean_31,0.0
Alpha_mean_30,0.0
Alpha_mean_29,0.0
Alpha_mean_28,0.0
Alpha_mean_27,0.0
Alpha_wavelet_30_1,0.0
Theta_wavelet_31_8,0.0
Theta_wavelet_31_7,0.0
Theta_wavelet_31_4,0.0
Alpha_wavelet_28_6,0.0
Theta_wavelet_31_3,0.0
Theta_wavelet_31_2,0.0
Theta_wavelet_31_1,0.0
Theta_wavelet_31_0,0.0
Theta_wavelet_30_9,0.0
Theta_wavelet_30_8,0.0
Theta_wavelet_30_7,0.0
Theta_wavelet_30_5,0.0
Theta_wavelet_30_4,0.0
Theta_wavelet_31_9,0.0
Alpha_wavelet_28_2,0.0
Alpha_wavelet_28_1,0.0
Alpha_wavelet_28_0,0.0
Alpha_wavelet_27_9,0.0
Alpha_wavelet_27_8,0.0
Alpha_wavelet_27_7,0.0
Alpha_wavelet_27_6,0.0
Alpha_wavelet_27_5,0.0
Alpha_wavelet_27_4,0.0
Alpha_wavelet_27_3,0.0
Alpha_wavelet_27_2,0.0
Alpha_wavelet_27_1,0.0
Alpha_wavelet_27_0,0.0
Alpha_std_29,0.0
Alpha_psd_mean_28,0.0
Alpha_psd_mean_27,0.0
Alpha_power_31,0.0
Alpha_power_30,0.0
Alpha_power_29,0.0
Alpha_power_28,0.0
Alpha_wavelet_28_3,0.0
Alpha_power_27,0.0
Alpha_skew_30,0.0
Alpha_skew_29,0.0
Alpha_wavelet_28_4,0.0
Alpha_std_31,0.0
Alpha_std_30,0.0
Alpha_psd_mean_30,0.0
Theta_wavelet_27_1,0.0
Theta_wavelet_27_0,0.0
Theta_psd_mean_31,0.0
Alpha_wavelet_28_7,0.0
Alpha_wavelet_28_8,0.0
Alpha_wavelet_28_9,0.0
Alpha_wavelet_29_0,0.0
Alpha_wavelet_29_1,0.0
Alpha_wavelet_29_2,0.0
Alpha_wavelet_29_3,0.0
Alpha_wavelet_29_4,0.0
Theta_psd_mean_27,0.0
Theta_power_31,0.0
Theta_wavelet_30_3,0.0
Alpha_wavelet_29_9,0.0
Theta_power_29,0.0
Theta_power_28,0.0
Theta_power_27,0.0
Theta_skew_31,0.0
Theta_skew_30,0.0
Theta_skew_29,0.0
Theta_skew_28,0.0
Theta_skew_27,0.0
Theta_std_31,0.0
Theta_std_30,0.0
Alpha_wavelet_30_0,0.0
Theta_std_28,0.0
Theta_power_30,0.0
Theta_wavelet_30_2,0.0
Theta_wavelet_30_1,0.0
Theta_wavelet_30_0,0.0
Theta_wavelet_29_9,0.0
Theta_wavelet_29_8,0.0
Theta_wavelet_29_7,0.0
Theta_wavelet_29_5,0.0
Theta_wavelet_29_4,0.0
Theta_wavelet_29_3,0.0
Theta_wavelet_29_2,0.0
Theta_wavelet_29_1,0.0
Theta_wavelet_29_0,0.0
Theta_wavelet_28_9,0.0
Theta_wavelet_27_2,0.0
Theta_wavelet_28_6,0.0
Theta_wavelet_28_4,0.0
Theta_wavelet_28_3,0.0
Theta_wavelet_28_2,0.0
Theta_wavelet_28_1,0.0
Theta_wavelet_28_0,0.0
Theta_wavelet_27_9,0.0
Theta_wavelet_27_8,0.0
Theta_wavelet_27_7,0.0
Theta_wavelet_27_6,0.0
Theta_wavelet_27_5,0.0
Theta_wavelet_27_4,0.0
Theta_wavelet_27_3,0.0
Theta_wavelet_28_8,0.0
Gamma_wavelet_8_3,0.0
Gamma_wavelet_8_2,0.0
Gamma_wavelet_8_0,0.0
Beta_wavelet_29_0,0.0
Beta_wavelet_29_1,0.0
Gamma_wavelet_7_5,0.0
Gamma_wavelet_7_3,0.0
Gamma_wavelet_7_2,0.0
Gamma_wavelet_7_1,0.0
Gamma_wavelet_7_0,0.0
Beta_wavelet_29_3,0.0
Beta_wavelet_29_4,0.0
Beta_wavelet_29_5,0.0
Gamma_wavelet_25_5,0.0
Gamma_wavelet_6_2,0.0
Gamma_wavelet_6_1,0.0
Gamma_wavelet_6_0,0.0
Gamma_wavelet_5_8,0.0
Gamma_wavelet_5_4,0.0
Gamma_wavelet_5_3,0.0
Gamma_wavelet_5_2,0.0
Gamma_wavelet_5_1,0.0
Gamma_wavelet_5_0,0.0
Beta_wavelet_29_6,0.0
Gamma_wavelet_4_5,0.0
Gamma_wavelet_4_4,0.0
Gamma_wavelet_4_3,0.0
Gamma_wavelet_6_3,0.0
Gamma_wavelet_11_0,0.0
Beta_wavelet_28_3,0.0
Gamma_wavelet_10_9,0.0
Gamma_wavelet_10_8,0.0
Gamma_wavelet_10_7,0.0
Gamma_wavelet_10_6,0.0
Gamma_wavelet_10_5,0.0
Beta_wavelet_28_4,0.0
Beta_wavelet_28_5,0.0
Gamma_wavelet_10_4,0.0
Gamma_wavelet_10_3,0.0
Gamma_wavelet_10_2,0.0
Gamma_wavelet_10_1,0.0
Gamma_wavelet_8_5,0.0
Beta_wavelet_28_6,0.0
Gamma_wavelet_9_5,0.0
Gamma_wavelet_9_4,0.0
Gamma_wavelet_9_3,0.0
Gamma_wavelet_9_2,0.0
Gamma_wavelet_9_1,0.0
Gamma_wavelet_9_0,0.0
Gamma_wavelet_8_9,0.0
Gamma_wavelet_8_8,0.0
Gamma_wavelet_8_7,0.0
Beta_wavelet_28_8,0.0
Beta_wavelet_28_9,0.0
Gamma_wavelet_8_6,0.0
Gamma_wavelet_10_0,0.0
Gamma_wavelet_0_3,0.0
Gamma_wavelet_0_2,0.0
Gamma_wavelet_0_0,0.0
Gamma_psd_mean_26,0.0
Gamma_psd_mean_25,0.0
Beta_wavelet_30_8,0.0
Beta_wavelet_31_0,0.0
Beta_wavelet_31_2,0.0
Beta_wavelet_31_3,0.0
Beta_wavelet_31_4,0.0
Gamma_psd_mean_10,0.0
Gamma_psd_mean_8,0.0
Beta_wavelet_31_5,0.0
Beta_wavelet_29_8,0.0
Beta_wavelet_31_6,0.0
Gamma_power_26,0.0
Gamma_power_25,0.0
Gamma_power_24,0.0
Gamma_power_23,0.0
Gamma_power_22,0.0
Gamma_power_21,0.0
Gamma_power_19,0.0
Gamma_power_18,0.0
Gamma_power_17,0.0
Gamma_power_16,0.0
Gamma_power_15,0.0
Gamma_power_14,0.0
Gamma_psd_mean_1,0.0
Gamma_wavelet_4_2,0.0
Gamma_wavelet_4_1,0.0
Beta_wavelet_29_9,0.0
Gamma_wavelet_4_0,0.0
Gamma_wavelet_3_8,0.0
Gamma_wavelet_3_7,0.0
Gamma_wavelet_3_4,0.0
Gamma_wavelet_3_3,0.0
Gamma_wavelet_3_1,0.0
Gamma_wavelet_3_0,0.0
Beta_wavelet_30_0,0.0
Beta_wavelet_30_1,0.0
Gamma_wavelet_2_4,0.0
Beta_wavelet_30_7,0.0
Gamma_wavelet_2_2,0.0
Gamma_wavelet_2_1,0.0
Gamma_wavelet_2_0,0.0
Gamma_wavelet_1_4,0.0
Gamma_wavelet_1_3,0.0
Gamma_wavelet_1_1,0.0
Gamma_wavelet_1_0,0.0
Beta_wavelet_30_2,0.0
Beta_wavelet_30_3,0.0
Beta_wavelet_30_4,0.0
Beta_wavelet_30_5,0.0
Beta_wavelet_30_6,0.0
Gamma_wavelet_0_4,0.0
Gamma_wavelet_2_3,0.0
Gamma_wavelet_21_3,0.0
Gamma_wavelet_21_2,0.0
Gamma_wavelet_21_1,0.0
Gamma_wavelet_21_0,0.0
Beta_std_27,0.0
Beta_std_28,0.0
Beta_std_30,0.0
Beta_std_31,0.0
Gamma_wavelet_20_4,0.0
Gamma_wavelet_20_3,0.0
Beta_skew_28,0.0
Beta_skew_29,0.0
Gamma_wavelet_20_2,0.0
Gamma_wavelet_11_1,0.0
Gamma_wavelet_20_0,0.0
Beta_skew_30,0.0
Beta_skew_31,0.0
Beta_power_27,0.0
Gamma_wavelet_19_7,0.0
Beta_power_28,0.0
Gamma_wavelet_19_4,0.0
Gamma_wavelet_19_3,0.0
Gamma_wavelet_19_2,0.0
Beta_power_29,0.0
Gamma_wavelet_19_1,0.0
Gamma_wavelet_19_0,0.0
Beta_power_30,0.0
Gamma_wavelet_20_1,0.0
Gamma_wavelet_25_4,0.0
Gamma_wavelet_25_3,0.0
Gamma_wavelet_25_2,0.0
Gamma_wavelet_25_1,0.0
Beta_mean_29,0.0
Gamma_wavelet_24_4,0.0
Gamma_wavelet_24_3,0.0
Gamma_wavelet_24_2,0.0
Gamma_wavelet_24_1,0.0
Beta_mean_30,0.0
Gamma_wavelet_24_0,0.0
Beta_mean_31,0.0
Beta_var_27,0.0
Gamma_wavelet_21_4,0.0
Gamma_wavelet_23_3,0.0
Gamma_wavelet_23_1,0.0
Gamma_wavelet_23_0,0.0
Gamma_wavelet_22_9,0.0
Gamma_wavelet_22_7,0.0
Gamma_wavelet_22_6,0.0
Gamma_wavelet_22_5,0.0
Gamma_wavelet_22_3,0.0
Gamma_wavelet_22_2,0.0
Gamma_wavelet_22_0,0.0
Beta_var_30,0.0
Beta_var_31,0.0
Gamma_wavelet_21_6,0.0
Beta_var_28,0.0
Gamma_wavelet_14_2,0.0
Gamma_wavelet_14_1,0.0
Gamma_wavelet_14_0,0.0
Beta_wavelet_27_2,0.0
Beta_wavelet_27_3,0.0
Gamma_wavelet_13_4,0.0
Gamma_wavelet_13_3,0.0
Gamma_wavelet_13_1,0.0
Gamma_wavelet_13_0,0.0
Gamma_wavelet_12_9,0.0
Gamma_wavelet_12_7,0.0
Gamma_wavelet_12_5,0.0
Gamma_wavelet_12_4,0.0
Beta_power_31,0.0
Gamma_wavelet_12_2,0.0
Gamma_wavelet_12_1,0.0
Gamma_wavelet_12_0,0.0
Beta_wavelet_27_4,0.0
Beta_wavelet_27_5,0.0
Beta_wavelet_27_6,0.0
Beta_wavelet_27_7,0.0
Beta_wavelet_27_8,0.0
Gamma_wavelet_11_4,0.0
Gamma_wavelet_11_3,0.0
Beta_wavelet_28_0,0.0
Beta_wavelet_28_1,0.0
Beta_wavelet_28_2,0.0
Gamma_wavelet_12_3,0.0
Beta_psd_mean_27,0.0
Beta_psd_mean_28,0.0
Gamma_wavelet_18_2,0.0
Gamma_wavelet_18_0,0.0
Gamma_wavelet_17_9,0.0
Beta_psd_mean_29,0.0
Gamma_wavelet_17_5,0.0
Gamma_wavelet_17_4,0.0
Gamma_wavelet_17_3,0.0
Gamma_wavelet_17_2,0.0
Gamma_wavelet_17_1,0.0
Gamma_wavelet_17_0,0.0
Gamma_wavelet_16_8,0.0
Gamma_wavelet_14_3,0.0
Gamma_wavelet_16_3,0.0
Gamma_wavelet_16_2,0.0
Beta_psd_mean_30,0.0
Gamma_wavelet_16_0,0.0
Gamma_wavelet_15_8,0.0
Beta_psd_mean_31,0.0
Beta_wavelet_27_0,0.0
Gamma_wavelet_15_3,0.0
Gamma_wavelet_15_2,0.0
Gamma_wavelet_15_1,0.0
Beta_wavelet_27_1,0.0
Gamma_wavelet_15_0,0.0
Gamma_wavelet_14_9,0.0
Gamma_wavelet_14_4,0.0
Gamma_wavelet_16_6,0.0
Theta_power_18,0.0
Theta_power_15,0.0
Theta_power_14,0.0
Theta_power_13,0.0
Theta_power_12,0.0
Theta_power_11,0.0
Theta_power_10,0.0
Theta_power_9,0.0
Theta_power_8,0.0
Theta_power_7,0.0
Theta_power_6,0.0
Theta_power_5,0.0
Theta_power_3,0.0
Theta_power_2,0.0
Delta_var_21,0.0
Theta_skew_26,0.0
Theta_skew_25,0.0
Theta_skew_24,0.0
Theta_skew_23,0.0
Theta_skew_21,0.0
Theta_skew_20,0.0
Theta_skew_18,0.0
Theta_skew_14,0.0
Theta_skew_12,0.0
Theta_skew_11,0.0
Theta_skew_10,0.0
Theta_skew_9,0.0
Theta_skew_8,0.0
Theta_skew_6,0.0
Theta_skew_5,0.0
Theta_power_1,0.0
Theta_wavelet_2_5,0.0
Theta_wavelet_2_4,0.0
Theta_wavelet_2_2,0.0
Theta_wavelet_2_1,0.0
Theta_wavelet_2_0,0.0
Theta_wavelet_1_9,0.0
Theta_wavelet_1_8,0.0
Theta_wavelet_1_6,0.0
Theta_wavelet_1_5,0.0
Theta_wavelet_1_4,0.0
Theta_wavelet_1_3,0.0
Theta_wavelet_1_2,0.0
Theta_wavelet_1_0,0.0
Theta_wavelet_0_9,0.0
Theta_power_19,0.0
Theta_wavelet_0_3,0.0
Theta_wavelet_0_2,0.0
Theta_wavelet_0_1,0.0
Theta_wavelet_0_0,0.0
Theta_psd_mean_21,0.0
Theta_psd_mean_19,0.0
Theta_psd_mean_10,0.0
Theta_psd_mean_8,0.0
Theta_psd_mean_2,0.0
Theta_psd_mean_1,0.0
Theta_power_26,0.0
Theta_power_25,0.0
Theta_power_24,0.0
Theta_power_22,0.0
Theta_power_21,0.0
Theta_wavelet_0_4,0.0
Theta_mean_14,0.0
Theta_mean_13,0.0
Theta_mean_12,0.0
Theta_mean_11,0.0
Theta_mean_10,0.0
Theta_mean_9,0.0
Theta_mean_8,0.0
Theta_mean_7,0.0
Theta_mean_6,0.0
Theta_mean_5,0.0
Theta_mean_4,0.0
Theta_mean_3,0.0
Theta_mean_2,0.0
Theta_mean_1,0.0
Theta_skew_4,0.0
Delta_ica_infomax_energy_4,0.0
Delta_ica_infomax_energy_3,0.0
Delta_ica_infomax_energy_2,0.0
Delta_wavelet_26_9,0.0
Delta_wavelet_26_8,0.0
Delta_wavelet_26_5,0.0
Delta_wavelet_26_4,0.0
Delta_wavelet_26_3,0.0
Delta_wavelet_26_2,0.0
Delta_wavelet_26_1,0.0
Delta_wavelet_26_0,0.0
Delta_wavelet_25_9,0.0
Delta_wavelet_25_8,0.0
Delta_wavelet_25_7,0.0
Delta_wavelet_25_5,0.0
Theta_mean_0,0.0
Theta_skew_3,0.0
Theta_skew_2,0.0
Theta_skew_1,0.0
Theta_skew_0,0.0
Theta_std_21,0.0
Theta_std_19,0.0
Theta_std_16,0.0
Theta_std_15,0.0
Theta_std_14,0.0
Theta_std_12,0.0
Theta_std_10,0.0
Theta_std_9,0.0
Theta_std_8,0.0
Theta_std_2,0.0
Theta_std_1,0.0
Theta_mean_15,0.0
Theta_var_25,0.0
Theta_var_22,0.0
Theta_var_21,0.0
Theta_var_19,0.0
Theta_var_10,0.0
Theta_var_2,0.0
Theta_var_0,0.0
Theta_mean_24,0.0
Theta_mean_23,0.0
Theta_mean_22,0.0
Theta_mean_21,0.0
Theta_mean_20,0.0
Theta_mean_19,0.0
Theta_mean_18,0.0
Theta_mean_16,0.0
Theta_std_0,0.0
Theta_wavelet_16_1,0.0
Theta_wavelet_16_0,0.0
Theta_wavelet_15_6,0.0
Theta_wavelet_15_4,0.0
Theta_wavelet_15_3,0.0
Theta_wavelet_15_2,0.0
Theta_wavelet_15_1,0.0
Theta_wavelet_15_0,0.0
Theta_wavelet_14_9,0.0
Theta_wavelet_14_7,0.0
Theta_wavelet_14_4,0.0
Theta_wavelet_14_3,0.0
Theta_wavelet_14_2,0.0
Theta_wavelet_14_1,0.0
Theta_wavelet_2_6,0.0
Theta_wavelet_13_7,0.0
Theta_wavelet_13_5,0.0
Theta_wavelet_13_4,0.0
Theta_wavelet_13_3,0.0
Theta_wavelet_13_2,0.0
Theta_wavelet_13_0,0.0
Theta_wavelet_12_8,0.0
Theta_wavelet_12_7,0.0
Theta_wavelet_12_5,0.0
Theta_wavelet_12_4,0.0
Theta_wavelet_12_3,0.0
Theta_wavelet_12_2,0.0
Theta_wavelet_12_1,0.0
Theta_wavelet_12_0,0.0
Theta_wavelet_11_9,0.0
Theta_wavelet_14_0,0.0
Theta_wavelet_21_2,0.0
Theta_wavelet_21_1,0.0
Theta_wavelet_21_0,0.0
Theta_wavelet_20_9,0.0
Theta_wavelet_20_4,0.0
Theta_wavelet_20_3,0.0
Theta_wavelet_20_2,0.0
Theta_wavelet_20_1,0.0
Theta_wavelet_20_0,0.0
Theta_wavelet_19_9,0.0
Theta_wavelet_19_8,0.0
Theta_wavelet_19_7,0.0
Theta_wavelet_19_5,0.0
Theta_wavelet_19_4,0.0
Theta_wavelet_16_2,0.0
Theta_wavelet_19_2,0.0
Theta_wavelet_19_1,0.0
Theta_wavelet_19_0,0.0
Theta_wavelet_18_9,0.0
Theta_wavelet_18_5,0.0
Theta_wavelet_18_4,0.0
Theta_wavelet_18_3,0.0
Theta_wavelet_18_1,0.0
Theta_wavelet_17_4,0.0
Theta_wavelet_17_3,0.0
Theta_wavelet_17_2,0.0
Theta_wavelet_17_0,0.0
Theta_wavelet_16_8,0.0
Theta_wavelet_16_4,0.0
Theta_wavelet_16_3,0.0
Theta_wavelet_19_3,0.0
Theta_wavelet_7_3,0.0
Theta_wavelet_7_2,0.0
Theta_wavelet_7_1,0.0
Theta_wavelet_7_0,0.0
Theta_wavelet_6_4,0.0
Theta_wavelet_6_3,0.0
Theta_wavelet_6_2,0.0
Theta_wavelet_6_1,0.0
Theta_wavelet_6_0,0.0
Theta_wavelet_5_8,0.0
Theta_wavelet_5_4,0.0
Theta_wavelet_5_3,0.0
Theta_wavelet_5_2,0.0
Theta_wavelet_5_1,0.0
Theta_wavelet_11_4,0.0
Theta_wavelet_4_9,0.0
Theta_wavelet_4_8,0.0
Theta_wavelet_4_4,0.0
Theta_wavelet_4_3,0.0
Theta_wavelet_4_2,0.0
Theta_wavelet_4_1,0.0
Theta_wavelet_4_0,0.0
Theta_wavelet_3_9,0.0
Theta_wavelet_3_8,0.0
Theta_wavelet_3_7,0.0
Theta_wavelet_3_3,0.0
Theta_wavelet_3_2,0.0
Theta_wavelet_3_1,0.0
Theta_wavelet_3_0,0.0
Theta_wavelet_2_9,0.0
Theta_wavelet_5_0,0.0
Theta_wavelet_11_3,0.0
Theta_wavelet_11_2,0.0
Theta_wavelet_11_1,0.0
Theta_wavelet_11_0,0.0
Theta_wavelet_10_8,0.0
Theta_wavelet_10_7,0.0
Theta_wavelet_10_6,0.0
Theta_wavelet_10_5,0.0
Theta_wavelet_10_4,0.0
Theta_wavelet_10_3,0.0
Theta_wavelet_10_2,0.0
Theta_wavelet_10_1,0.0
Theta_wavelet_10_0,0.0
Theta_wavelet_9_9,0.0
Theta_wavelet_9_6,0.0
Theta_wavelet_7_4,0.0
Theta_wavelet_9_3,0.0
Theta_wavelet_9_2,0.0
Theta_wavelet_9_1,0.0
Theta_wavelet_8_9,0.0
Theta_wavelet_8_8,0.0
Theta_wavelet_8_7,0.0
Theta_wavelet_8_6,0.0
Theta_wavelet_8_5,0.0
Theta_wavelet_8_4,0.0
Theta_wavelet_8_3,0.0
Theta_wavelet_8_2,0.0
Theta_wavelet_8_1,0.0
Theta_wavelet_8_0,0.0
Theta_wavelet_7_9,0.0
Theta_wavelet_7_8,0.0
Theta_wavelet_9_4,0.0
Delta_wavelet_2_0,0.0
Delta_wavelet_1_9,0.0
Delta_wavelet_1_7,0.0
Delta_wavelet_1_5,0.0
Delta_wavelet_1_4,0.0
Delta_wavelet_1_3,0.0
Delta_wavelet_1_2,0.0
Delta_wavelet_1_1,0.0
Delta_wavelet_1_0,0.0
Delta_wavelet_0_5,0.0
Delta_wavelet_0_4,0.0
Delta_wavelet_0_0,0.0
Delta_psd_mean_21,0.0
Delta_psd_mean_18,0.0
Delta_wavelet_25_4,0.0
Delta_psd_mean_12,0.0
Delta_psd_mean_10,0.0
Delta_psd_mean_8,0.0
Delta_psd_mean_2,0.0
Delta_power_26,0.0
Delta_power_25,0.0
Delta_power_24,0.0
Delta_power_22,0.0
Delta_power_21,0.0
Delta_power_20,0.0
Delta_power_19,0.0
Delta_power_14,0.0
Delta_power_13,0.0
Delta_power_12,0.0
Delta_power_9,0.0
Delta_psd_mean_15,0.0
Delta_wavelet_6_4,0.0
Delta_wavelet_6_3,0.0
Delta_wavelet_6_2,0.0
Delta_wavelet_6_0,0.0
Delta_wavelet_5_8,0.0
Delta_wavelet_5_4,0.0
Delta_wavelet_5_3,0.0
Delta_wavelet_5_2,0.0
Delta_wavelet_5_1,0.0
Delta_wavelet_5_0,0.0
Delta_wavelet_4_9,0.0
Delta_wavelet_4_8,0.0
Delta_wavelet_4_5,0.0
Delta_wavelet_4_4,0.0
Delta_wavelet_2_1,0.0
Delta_wavelet_4_2,0.0
Delta_wavelet_4_1,0.0
Delta_wavelet_4_0,0.0
Delta_wavelet_3_9,0.0
Delta_wavelet_3_8,0.0
Delta_wavelet_3_7,0.0
Delta_wavelet_3_4,0.0
Delta_wavelet_3_3,0.0
Delta_wavelet_3_1,0.0
Delta_wavelet_3_0,0.0
Delta_wavelet_2_7,0.0
Delta_wavelet_2_6,0.0
Delta_wavelet_2_5,0.0
Delta_wavelet_2_4,0.0
Delta_wavelet_2_2,0.0
Delta_wavelet_4_3,0.0
Gamma_wavelet_28_1,0.0
Gamma_wavelet_28_0,0.0
Gamma_wavelet_27_9,0.0
Gamma_wavelet_27_8,0.0
Gamma_wavelet_27_6,0.0
Gamma_wavelet_27_4,0.0
Gamma_wavelet_27_3,0.0
Gamma_wavelet_27_2,0.0
Gamma_wavelet_27_1,0.0
Gamma_wavelet_27_0,0.0
Gamma_psd_mean_31,0.0
Gamma_psd_mean_30,0.0
Gamma_psd_mean_28,0.0
Gamma_psd_mean_27,0.0
Delta_power_8,0.0
Gamma_power_29,0.0
Gamma_power_28,0.0
Gamma_power_27,0.0
Gamma_skew_31,0.0
Gamma_skew_30,0.0
Gamma_skew_28,0.0
Gamma_wavelet_28_7,0.0
Gamma_wavelet_29_5,0.0
Gamma_power_30,0.0
Delta_mean_16,0.0
Delta_mean_15,0.0
Delta_mean_9,0.0
Delta_mean_8,0.0
Delta_mean_6,0.0
Delta_mean_5,0.0
Gamma_power_31,0.0
Delta_power_6,0.0
Delta_power_2,0.0
Delta_power_1,0.0
Delta_power_0,0.0
Delta_skew_24,0.0
Delta_skew_21,0.0
Delta_skew_19,0.0
Delta_skew_18,0.0
Delta_skew_15,0.0
Delta_skew_13,0.0
Delta_skew_12,0.0
Delta_skew_10,0.0
Delta_skew_8,0.0
Delta_skew_6,0.0
Delta_skew_2,0.0
Gamma_wavelet_28_2,0.0
Delta_std_26,0.0
Delta_std_22,0.0
Delta_std_21,0.0
Delta_std_19,0.0
Delta_std_15,0.0
Delta_std_10,0.0
Delta_std_8,0.0
Delta_std_6,0.0
Delta_std_1,0.0
Delta_std_0,0.0
Gamma_wavelet_31_9,0.0
Gamma_wavelet_28_6,0.0
Gamma_wavelet_28_5,0.0
Gamma_wavelet_28_4,0.0
Gamma_wavelet_28_3,0.0
Delta_skew_0,0.0
Delta_wavelet_20_5,0.0
Delta_wavelet_20_4,0.0
Delta_wavelet_20_3,0.0
Delta_wavelet_20_2,0.0
Delta_wavelet_20_1,0.0
Delta_wavelet_20_0,0.0
Delta_wavelet_19_8,0.0
Delta_wavelet_19_7,0.0
Delta_wavelet_19_6,0.0
Delta_wavelet_19_5,0.0
Delta_wavelet_19_4,0.0
Delta_wavelet_19_3,0.0
Delta_wavelet_19_1,0.0
Delta_wavelet_19_0,0.0
Delta_wavelet_6_5,0.0
Delta_wavelet_18_8,0.0
Delta_wavelet_18_5,0.0
Delta_wavelet_18_4,0.0
Delta_wavelet_18_3,0.0
Delta_wavelet_18_2,0.0
Delta_wavelet_18_1,0.0
Delta_wavelet_18_0,0.0
Delta_wavelet_17_4,0.0
Delta_wavelet_17_3,0.0
Delta_wavelet_17_1,0.0
Delta_wavelet_17_0,0.0
Delta_wavelet_16_4,0.0
Delta_wavelet_16_3,0.0
Delta_wavelet_16_2,0.0
Delta_wavelet_16_1,0.0
Delta_wavelet_18_9,0.0
Delta_wavelet_25_3,0.0
Delta_wavelet_25_2,0.0
Delta_wavelet_25_1,0.0
Delta_wavelet_25_0,0.0
Delta_wavelet_24_7,0.0
Delta_wavelet_24_5,0.0
Delta_wavelet_24_2,0.0
Delta_wavelet_24_0,0.0
Delta_wavelet_23_9,0.0
Delta_wavelet_23_5,0.0
Delta_wavelet_23_4,0.0
Delta_wavelet_23_3,0.0
Delta_wavelet_23_2,0.0
Delta_wavelet_23_1,0.0
Delta_wavelet_20_8,0.0
Delta_wavelet_22_9,0.0
Delta_wavelet_22_5,0.0
Delta_wavelet_22_4,0.0
Delta_wavelet_22_3,0.0
Delta_wavelet_22_2,0.0
Delta_wavelet_22_1,0.0
Delta_wavelet_22_0,0.0
Delta_wavelet_21_9,0.0
Delta_wavelet_21_7,0.0
Delta_wavelet_21_5,0.0
Delta_wavelet_21_4,0.0
Delta_wavelet_21_3,0.0
Delta_wavelet_21_2,0.0
Delta_wavelet_21_1,0.0
Delta_wavelet_21_0,0.0
Delta_wavelet_23_0,0.0
Delta_wavelet_11_0,0.0
Delta_wavelet_10_8,0.0
Delta_wavelet_10_7,0.0
Delta_wavelet_10_5,0.0
Delta_wavelet_10_4,0.0
Delta_wavelet_10_3,0.0
Delta_wavelet_10_2,0.0
Delta_wavelet_10_1,0.0
Delta_wavelet_10_0,0.0
Delta_wavelet_9_9,0.0
Delta_wavelet_9_7,0.0
Delta_wavelet_9_4,0.0
Delta_wavelet_9_3,0.0
Delta_wavelet_9_2,0.0
Delta_wavelet_16_0,0.0
Delta_wavelet_8_9,0.0
Delta_wavelet_8_8,0.0
Delta_wavelet_8_7,0.0
Delta_wavelet_8_6,0.0
Delta_wavelet_8_5,0.0
Delta_wavelet_8_4,0.0
Delta_wavelet_8_3,0.0
Delta_wavelet_8_2,0.0
Delta_wavelet_8_0,0.0
Delta_wavelet_7_9,0.0
Delta_wavelet_7_4,0.0
Delta_wavelet_7_3,0.0
Delta_wavelet_7_2,0.0
Delta_wavelet_6_8,0.0
Delta_wavelet_6_7,0.0
Delta_wavelet_9_0,0.0
Delta_wavelet_15_8,0.0
Delta_wavelet_15_7,0.0
Delta_wavelet_15_5,0.0
Delta_wavelet_15_4,0.0
Delta_wavelet_15_3,0.0
Delta_wavelet_15_2,0.0
Delta_wavelet_15_1,0.0
Delta_wavelet_15_0,0.0
Delta_wavelet_14_5,0.0
Delta_wavelet_14_4,0.0
Delta_wavelet_14_3,0.0
Delta_wavelet_14_2,0.0
Delta_wavelet_14_1,0.0
Delta_wavelet_14_0,0.0
Delta_wavelet_13_4,0.0
Delta_wavelet_11_1,0.0
Delta_wavelet_13_2,0.0
Delta_wavelet_13_1,0.0
Delta_wavelet_13_0,0.0
Delta_wavelet_12_9,0.0
Delta_wavelet_12_8,0.0
Delta_wavelet_12_7,0.0
Delta_wavelet_12_5,0.0
Delta_wavelet_12_3,0.0
Delta_wavelet_12_1,0.0
Delta_wavelet_12_0,0.0
Delta_wavelet_11_8,0.0
Delta_wavelet_11_5,0.0
Delta_wavelet_11_4,0.0
Delta_wavelet_11_3,0.0
Delta_wavelet_11_2,0.0
Delta_wavelet_13_3,0.0
Beta_var_12,0.0
Beta_var_8,0.0
Beta_var_4,0.0
Beta_var_3,0.0
Beta_mean_26,0.0
Beta_mean_25,0.0
Beta_mean_23,0.0
Beta_mean_22,0.0
Beta_mean_21,0.0
Beta_mean_19,0.0
Beta_mean_18,0.0
Beta_mean_17,0.0
Beta_mean_16,0.0
Beta_mean_15,0.0
Theta_wavelet_21_3,0.0
Beta_mean_13,0.0
Beta_mean_12,0.0
Beta_mean_11,0.0
Beta_mean_10,0.0
Beta_mean_9,0.0
Beta_mean_8,0.0
Beta_mean_7,0.0
Beta_mean_6,0.0
Beta_mean_5,0.0
Beta_mean_4,0.0
Beta_mean_3,0.0
Beta_mean_2,0.0
Beta_mean_1,0.0
Beta_mean_0,0.0
Alpha_ica_infomax_energy_3,0.0
Beta_mean_14,0.0
Beta_skew_8,0.0
Beta_skew_5,0.0
Beta_skew_3,0.0
Beta_skew_2,0.0
Beta_skew_1,0.0
Beta_skew_0,0.0
Beta_std_26,0.0
Beta_std_25,0.0
Beta_std_23,0.0
Beta_std_22,0.0
Beta_std_21,0.0
Beta_std_20,0.0
Beta_std_19,0.0
Beta_std_17,0.0
Beta_var_13,0.0
Beta_std_15,0.0
Beta_std_14,0.0
Beta_std_12,0.0
Beta_std_10,0.0
Beta_std_9,0.0
Beta_std_8,0.0
Beta_std_5,0.0
Beta_std_3,0.0
Beta_std_2,0.0
Beta_std_1,0.0
Beta_std_0,0.0
Beta_var_25,0.0
Beta_var_19,0.0
Beta_var_16,0.0
Beta_var_15,0.0
Beta_std_16,0.0
Alpha_wavelet_22_4,0.0
Alpha_wavelet_22_3,0.0
Alpha_wavelet_22_0,0.0
Alpha_wavelet_21_9,0.0
Alpha_wavelet_21_5,0.0
Alpha_wavelet_21_4,0.0
Alpha_wavelet_21_3,0.0
Alpha_wavelet_21_2,0.0
Alpha_wavelet_21_1,0.0
Alpha_wavelet_20_3,0.0
Alpha_wavelet_20_2,0.0
Alpha_wavelet_20_0,0.0
Alpha_wavelet_19_9,0.0
Alpha_wavelet_19_7,0.0
Alpha_ica_infomax_energy_2,0.0
Alpha_wavelet_19_5,0.0
Alpha_wavelet_19_4,0.0
Alpha_wavelet_19_3,0.0
Alpha_wavelet_19_2,0.0
Alpha_wavelet_19_1,0.0
Alpha_wavelet_19_0,0.0
Alpha_wavelet_18_9,0.0
Alpha_wavelet_18_4,0.0
Alpha_wavelet_18_3,0.0
Alpha_wavelet_18_2,0.0
Alpha_wavelet_17_3,0.0
Alpha_wavelet_17_1,0.0
Alpha_wavelet_17_0,0.0
Alpha_wavelet_16_9,0.0
Alpha_wavelet_16_7,0.0
Alpha_wavelet_19_6,0.0
Alpha_ica_infomax_energy_1,0.0
Alpha_pca_var_1,0.0
Alpha_wavelet_26_9,0.0
Alpha_wavelet_26_4,0.0
Alpha_wavelet_26_3,0.0
Alpha_wavelet_26_2,0.0
Alpha_wavelet_26_1,0.0
Alpha_wavelet_26_0,0.0
Alpha_wavelet_25_9,0.0
Alpha_wavelet_25_8,0.0
Alpha_wavelet_25_7,0.0
Alpha_wavelet_25_5,0.0
Alpha_wavelet_25_4,0.0
Alpha_wavelet_25_3,0.0
Alpha_wavelet_25_2,0.0
Alpha_wavelet_22_5,0.0
Alpha_wavelet_25_0,0.0
Alpha_wavelet_24_9,0.0
Alpha_wavelet_24_4,0.0
Alpha_wavelet_24_3,0.0
Alpha_wavelet_24_2,0.0
Alpha_wavelet_24_1,0.0
Alpha_wavelet_24_0,0.0
Alpha_wavelet_23_9,0.0
Alpha_wavelet_23_4,0.0
Alpha_wavelet_23_3,0.0
Alpha_wavelet_23_2,0.0
Alpha_wavelet_23_1,0.0
Alpha_wavelet_23_0,0.0
Alpha_wavelet_22_9,0.0
Alpha_wavelet_22_7,0.0
Alpha_wavelet_25_1,0.0
Beta_wavelet_8_5,0.0
Beta_wavelet_8_4,0.0
Beta_wavelet_8_3,0.0
Beta_wavelet_8_2,0.0
Beta_wavelet_8_1,0.0
Beta_wavelet_8_0,0.0
Beta_wavelet_7_3,0.0
Beta_wavelet_7_2,0.0
Beta_wavelet_7_0,0.0
Beta_wavelet_6_5,0.0
Beta_wavelet_6_4,0.0
Beta_wavelet_6_3,0.0
Beta_wavelet_6_2,0.0
Beta_wavelet_6_1,0.0
Beta_skew_11,0.0
Beta_wavelet_5_5,0.0
Beta_wavelet_5_4,0.0
Beta_wavelet_5_3,0.0
Beta_wavelet_5_2,0.0
Beta_wavelet_5_1,0.0
Beta_wavelet_5_0,0.0
Beta_wavelet_4_4,0.0
Beta_wavelet_4_3,0.0
Beta_wavelet_4_2,0.0
Beta_wavelet_4_1,0.0
Beta_wavelet_4_0,0.0
Beta_wavelet_3_9,0.0
Beta_wavelet_3_8,0.0
Beta_wavelet_3_6,0.0
Beta_wavelet_3_4,0.0
Beta_wavelet_6_0,0.0
Beta_wavelet_12_1,0.0
Beta_wavelet_12_0,0.0
Beta_wavelet_11_8,0.0
Beta_wavelet_11_7,0.0
Beta_wavelet_11_4,0.0
Beta_wavelet_11_3,0.0
Beta_wavelet_11_2,0.0
Beta_wavelet_11_1,0.0
Beta_wavelet_11_0,0.0
Beta_wavelet_10_9,0.0
Beta_wavelet_10_8,0.0
Beta_wavelet_10_7,0.0
Beta_wavelet_10_6,0.0
Beta_wavelet_10_5,0.0
Beta_wavelet_8_6,0.0
Beta_wavelet_10_3,0.0
Beta_wavelet_10_2,0.0
Beta_wavelet_10_1,0.0
Beta_wavelet_10_0,0.0
Beta_wavelet_9_9,0.0
Beta_wavelet_9_7,0.0
Beta_wavelet_9_5,0.0
Beta_wavelet_9_4,0.0
Beta_wavelet_9_3,0.0
Beta_wavelet_9_2,0.0
Beta_wavelet_9_1,0.0
Beta_wavelet_9_0,0.0
Beta_wavelet_8_9,0.0
Beta_wavelet_8_8,0.0
Beta_wavelet_8_7,0.0
Beta_wavelet_10_4,0.0
Beta_power_22,0.0
Beta_power_21,0.0
Beta_power_20,0.0
Beta_power_19,0.0
Beta_power_18,0.0
Beta_power_17,0.0
Beta_power_16,0.0
Beta_power_15,0.0
Beta_power_14,0.0
Beta_power_13,0.0
Beta_power_12,0.0
Beta_power_11,0.0
Beta_power_10,0.0
Beta_power_9,0.0
Beta_wavelet_3_3,0.0
Beta_power_7,0.0
Beta_power_6,0.0
Beta_power_5,0.0
Beta_power_4,0.0
Beta_power_3,0.0
Beta_power_2,0.0
Beta_power_1,0.0
Beta_power_0,0.0
Beta_skew_25,0.0
Beta_skew_22,0.0
Beta_skew_20,0.0
Beta_skew_19,0.0
Beta_skew_16,0.0
Beta_skew_13,0.0
Beta_skew_12,0.0
Beta_power_8,0.0
Beta_wavelet_3_2,0.0
Beta_wavelet_3_1,0.0
Beta_wavelet_3_0,0.0
Beta_wavelet_2_9,0.0
Beta_wavelet_2_5,0.0
Beta_wavelet_2_4,0.0
Beta_wavelet_2_3,0.0
Beta_wavelet_2_2,0.0
Beta_wavelet_2_1,0.0
Beta_wavelet_2_0,0.0
Beta_wavelet_1_3,0.0
Beta_wavelet_1_2,0.0
Beta_wavelet_1_1,0.0
Beta_wavelet_1_0,0.0
Beta_wavelet_0_4,0.0
Beta_power_23,0.0
Beta_wavelet_0_2,0.0
Beta_wavelet_0_1,0.0
Beta_wavelet_0_0,0.0
Beta_psd_mean_25,0.0
Beta_psd_mean_22,0.0
Beta_psd_mean_19,0.0
Beta_psd_mean_15,0.0
Beta_psd_mean_12,0.0
Beta_psd_mean_10,0.0
Beta_psd_mean_8,0.0
Beta_psd_mean_3,0.0
Beta_psd_mean_0,0.0
Beta_power_26,0.0
Beta_power_25,0.0
Beta_power_24,0.0
Beta_wavelet_0_3,0.0
Alpha_skew_8,0.0
Alpha_skew_3,0.0
Alpha_skew_2,0.0
Alpha_skew_1,0.0
Alpha_skew_0,0.0
Alpha_std_26,0.0
Alpha_std_24,0.0
Alpha_std_23,0.0
Alpha_std_22,0.0
Alpha_std_20,0.0
Alpha_std_19,0.0
Alpha_std_17,0.0
Alpha_std_15,0.0
Alpha_std_14,0.0
Alpha_wavelet_16_4,0.0
Alpha_std_11,0.0
Alpha_std_10,0.0
Alpha_std_9,0.0
Alpha_std_8,0.0
Alpha_std_4,0.0
Alpha_std_3,0.0
Alpha_std_2,0.0
Alpha_std_1,0.0
Alpha_std_0,0.0
Alpha_var_22,0.0
Alpha_var_19,0.0
Alpha_var_14,0.0
Alpha_var_12,0.0
Alpha_var_10,0.0
Alpha_var_8,0.0
Alpha_std_12,0.0
Alpha_power_19,0.0
Alpha_power_17,0.0
Alpha_power_16,0.0
Alpha_power_15,0.0
Alpha_power_14,0.0
Alpha_power_13,0.0
Alpha_power_12,0.0
Alpha_power_11,0.0
Alpha_power_10,0.0
Alpha_power_9,0.0
Alpha_power_8,0.0
Alpha_power_7,0.0
Alpha_power_6,0.0
Alpha_power_5,0.0
Alpha_skew_9,0.0
Alpha_power_3,0.0
Alpha_power_2,0.0
Alpha_power_1,0.0
Alpha_power_0,0.0
Alpha_skew_25,0.0
Alpha_skew_23,0.0
Alpha_skew_22,0.0
Alpha_skew_21,0.0
Alpha_skew_18,0.0
Alpha_skew_17,0.0
Alpha_skew_16,0.0
Alpha_skew_14,0.0
Alpha_skew_12,0.0
Alpha_skew_11,0.0
Alpha_skew_10,0.0
Alpha_power_4,0.0
Theta_wavelet_26_1,0.0
Theta_wavelet_26_0,0.0
Theta_wavelet_25_4,0.0
Theta_wavelet_25_3,0.0
Theta_wavelet_25_2,0.0
Theta_wavelet_25_1,0.0
Theta_wavelet_25_0,0.0
Theta_wavelet_24_4,0.0
Theta_wavelet_24_3,0.0
Theta_wavelet_24_2,0.0
Theta_wavelet_24_1,0.0
Theta_wavelet_24_0,0.0
Theta_wavelet_23_9,0.0
Theta_wavelet_23_4,0.0
Alpha_var_3,0.0
Theta_wavelet_23_2,0.0
Theta_wavelet_23_1,0.0
Theta_wavelet_22_9,0.0
Theta_wavelet_22_8,0.0
Theta_wavelet_22_7,0.0
Theta_wavelet_22_6,0.0
Theta_wavelet_22_4,0.0
Theta_wavelet_22_3,0.0
Theta_wavelet_22_2,0.0
Theta_wavelet_22_1,0.0
Theta_wavelet_22_0,0.0
Theta_wavelet_21_9,0.0
Theta_wavelet_21_8,0.0
Theta_wavelet_21_7,0.0
Theta_wavelet_21_4,0.0
Theta_wavelet_23_3,0.0
Alpha_var_2,0.0
Alpha_var_1,0.0
Alpha_var_0,0.0
Alpha_mean_26,0.0
Alpha_mean_25,0.0
Alpha_mean_23,0.0
Alpha_mean_22,0.0
Alpha_mean_21,0.0
Alpha_mean_20,0.0
Alpha_mean_19,0.0
Alpha_mean_18,0.0
Alpha_mean_16,0.0
Alpha_mean_15,0.0
Alpha_mean_14,0.0
Alpha_mean_13,0.0
Theta_wavelet_26_2,0.0
Alpha_mean_10,0.0
Alpha_mean_9,0.0
Alpha_mean_8,0.0
Alpha_mean_4,0.0
Alpha_mean_3,0.0
Alpha_mean_0,0.0
Theta_ica_infomax_energy_3,0.0
Theta_ica_infomax_energy_2,0.0
Theta_ica_infomax_energy_1,0.0
Theta_ica_infomax_energy_0,0.0
Theta_pca_var_1,0.0
Theta_wavelet_26_9,0.0
Theta_wavelet_26_7,0.0
Theta_wavelet_26_4,0.0
Theta_wavelet_26_3,0.0
Alpha_mean_12,0.0
Alpha_wavelet_11_2,0.0
Alpha_wavelet_11_1,0.0
Alpha_wavelet_11_0,0.0
Alpha_wavelet_10_9,0.0
Alpha_wavelet_10_8,0.0
Alpha_wavelet_10_7,0.0
Alpha_wavelet_10_6,0.0
Alpha_wavelet_10_5,0.0
Alpha_wavelet_10_4,0.0
Alpha_wavelet_10_3,0.0
Alpha_wavelet_10_2,0.0
Alpha_wavelet_10_1,0.0
Alpha_wavelet_10_0,0.0
Alpha_wavelet_9_9,0.0
Alpha_power_20,0.0
Alpha_wavelet_9_7,0.0
Alpha_wavelet_9_4,0.0
Alpha_wavelet_9_3,0.0
Alpha_wavelet_9_2,0.0
Alpha_wavelet_9_1,0.0
Alpha_wavelet_9_0,0.0
Alpha_wavelet_8_8,0.0
Alpha_wavelet_8_7,0.0
Alpha_wavelet_8_6,0.0
Alpha_wavelet_8_5,0.0
Alpha_wavelet_8_4,0.0
Alpha_wavelet_8_3,0.0
Alpha_wavelet_8_1,0.0
Alpha_wavelet_8_0,0.0
Alpha_wavelet_7_4,0.0
Alpha_wavelet_9_8,0.0
Alpha_wavelet_16_3,0.0
Alpha_wavelet_16_2,0.0
Alpha_wavelet_16_1,0.0
Alpha_wavelet_16_0,0.0
Alpha_wavelet_15_7,0.0
Alpha_wavelet_15_4,0.0
Alpha_wavelet_15_3,0.0
Alpha_wavelet_15_2,0.0
Alpha_wavelet_15_1,0.0
Alpha_wavelet_15_0,0.0
Alpha_wavelet_14_6,0.0
Alpha_wavelet_14_4,0.0
Alpha_wavelet_14_3,0.0
Alpha_wavelet_14_2,0.0
Alpha_wavelet_11_3,0.0
Alpha_wavelet_14_0,0.0
Alpha_wavelet_13_4,0.0
Alpha_wavelet_13_3,0.0
Alpha_wavelet_13_2,0.0
Alpha_wavelet_13_1,0.0
Alpha_wavelet_13_0,0.0
Alpha_wavelet_12_8,0.0
Alpha_wavelet_12_4,0.0
Alpha_wavelet_12_3,0.0
Alpha_wavelet_12_1,0.0
Alpha_wavelet_12_0,0.0
Alpha_wavelet_11_9,0.0
Alpha_wavelet_11_6,0.0
Alpha_wavelet_11_5,0.0
Alpha_wavelet_11_4,0.0
Alpha_wavelet_14_1,0.0
Alpha_wavelet_2_6,0.0
Alpha_wavelet_2_4,0.0
Alpha_wavelet_2_3,0.0
Alpha_wavelet_2_2,0.0
Alpha_wavelet_2_1,0.0
Alpha_wavelet_2_0,0.0
Alpha_wavelet_1_8,0.0
Alpha_wavelet_1_7,0.0
Alpha_wavelet_1_4,0.0
Alpha_wavelet_1_3,0.0
Alpha_wavelet_1_2,0.0
Alpha_wavelet_1_1,0.0
Alpha_wavelet_1_0,0.0
Alpha_wavelet_0_9,0.0
Alpha_wavelet_7_3,0.0
Alpha_wavelet_0_3,0.0
Alpha_wavelet_0_1,0.0
Alpha_psd_mean_19,0.0
Alpha_psd_mean_17,0.0
Alpha_psd_mean_15,0.0
Alpha_psd_mean_10,0.0
Alpha_psd_mean_8,0.0
Alpha_psd_mean_5,0.0
Alpha_psd_mean_3,0.0
Alpha_psd_mean_2,0.0
Alpha_power_25,0.0
Alpha_power_24,0.0
Alpha_power_23,0.0
Alpha_power_22,0.0
Alpha_power_21,0.0
Alpha_wavelet_0_7,0.0
Alpha_wavelet_7_2,0.0
Alpha_wavelet_7_1,0.0
Alpha_wavelet_7_0,0.0
Alpha_wavelet_6_9,0.0
Alpha_wavelet_6_8,0.0
Alpha_wavelet_6_4,0.0
Alpha_wavelet_6_3,0.0
Alpha_wavelet_6_2,0.0
Alpha_wavelet_6_1,0.0
Alpha_wavelet_6_0,0.0
Alpha_wavelet_5_9,0.0
Alpha_wavelet_5_8,0.0
Alpha_wavelet_5_4,0.0
Alpha_wavelet_5_3,0.0
Alpha_wavelet_5_1,0.0
Alpha_wavelet_2_8,0.0
Alpha_wavelet_4_9,0.0
Alpha_wavelet_4_4,0.0
Alpha_wavelet_4_3,0.0
Alpha_wavelet_4_2,0.0
Alpha_wavelet_4_1,0.0
Alpha_wavelet_4_0,0.0
Alpha_wavelet_3_9,0.0
Alpha_wavelet_3_8,0.0
Alpha_wavelet_3_7,0.0
Alpha_wavelet_3_6,0.0
Alpha_wavelet_3_4,0.0
Alpha_wavelet_3_2,0.0
Alpha_wavelet_3_1,0.0
Alpha_wavelet_3_0,0.0
Alpha_wavelet_2_9,0.0
Alpha_wavelet_5_0,0.0
